CustomerID,TenureMonths,ContractType,PaymentMethod,MonthlyCharges,TotalCharges,TechSupportTickets,DaysSinceLastLogin,DiscountUsed,Churn,FutureLTV_12M,TicketPerMonth,AvgHistoricalMonthlySpend,ChargeRatio,InactivityRiskIndex
CUST-1000,52,One Year,Bank Transfer,76.16,3663.83,1,34,0,1,100.09,0.019230769230769232,70.45826923076923,1.0809235144643718,34
CUST-1001,15,One Year,Bank Transfer,27.31,380.61,3,16,0,1,46.78,0.2,25.374000000000002,1.0762985733427917,48
CUST-1002,61,Month-to-Month,Credit Card,96.46,5641.1,3,11,1,1,136.88,0.04918032786885246,92.47704918032788,1.0430696140823597,33
CUST-1003,21,Two Year,Bank Transfer,48.47,1062.93,2,35,1,1,71.28,0.09523809523809523,50.61571428571429,0.9576077446304083,70
CUST-1004,24,Two Year,Electronic Check,108.76,2648.44,3,23,1,1,212.86,0.125,110.35166666666667,0.9855764147951247,69
CUST-1005,3,Month-to-Month,Bank Transfer,56.79,161.5,5,9,0,1,81.07,1.6666666666666667,53.833333333333336,1.054922600619195,45
CUST-1006,22,Month-to-Month,Electronic Check,34.28,786.39,3,29,0,1,36.69,0.13636363636363635,35.745,0.9590152468876767,87
CUST-1007,53,Two Year,Electronic Check,89.59,4733.3,0,28,0,0,977.39,0.0,89.30754716981133,1.0031626983288615,28
CUST-1008,2,One Year,Electronic Check,36.46,70.61,0,38,0,1,54.3,0.0,35.305,1.0327149129018554,38
CUST-1009,30,Month-to-Month,Bank Transfer,95.37,2775.97,2,9,1,1,49.67,0.06666666666666667,92.53233333333333,1.0306667579260584,18
CUST-1010,38,Two Year,Bank Transfer,116.81,4268.38,3,38,1,0,1504.34,0.07894736842105263,112.32578947368421,1.0399214690350906,114
CUST-1011,2,Month-to-Month,Electronic Check,97.96,183.18,1,27,1,1,158.14,0.5,91.59,1.0695490774101974,27
CUST-1012,64,Month-to-Month,Bank Transfer,22.24,1363.57,2,17,1,1,27.77,0.03125,21.30578125,1.0438481339425185,34
CUST-1013,60,Month-to-Month,Credit Card,79.99,4699.5,2,40,0,1,133.54,0.03333333333333333,78.325,1.02125758059368,80
CUST-1014,21,One Year,Electronic Check,89.54,1841.24,3,16,0,1,105.33,0.14285714285714285,87.67809523809524,1.021235688992201,48
CUST-1015,33,One Year,Electronic Check,102.55,3432.41,0,10,0,0,1162.71,0.0,104.01242424242423,0.9859399081112106,10
CUST-1016,58,One Year,Bank Transfer,25.6,1416.23,1,0,0,0,265.33,0.017241379310344827,24.417758620689657,1.0484172768547482,0
CUST-1017,22,Month-to-Month,Electronic Check,68.01,1507.47,1,16,1,1,43.4,0.045454545454545456,68.52136363636363,0.992537164918705,16
CUST-1018,49,Month-to-Month,Bank Transfer,73.54,3555.58,1,35,0,1,84.2,0.02040816326530612,72.56285714285714,1.0134661574201678,35
CUST-1019,59,Month-to-Month,Electronic Check,36.91,2274.11,0,35,1,1,48.45,0.0,38.5442372881356,0.9576009955543046,35
CUST-1020,42,One Year,Mailed Check,52.24,2101.47,2,8,1,0,539.41,0.047619047619047616,50.035,1.0440691515938845,16
CUST-1021,60,Month-to-Month,Bank Transfer,64.02,3976.34,0,44,0,1,55.28,0.0,66.27233333333334,0.9660139726482141,44
CUST-1022,15,Month-to-Month,Bank Transfer,103.32,1585.59,0,27,0,1,155.82,0.0,105.70599999999999,0.9774279605698826,27
CUST-1023,62,Two Year,Credit Card,112.94,6971.82,2,32,0,0,1544.29,0.03225806451612903,112.44870967741934,1.0043690169855217,64
CUST-1024,62,Month-to-Month,Credit Card,82.84,5126.72,4,2,0,1,119.87,0.06451612903225806,82.68903225806451,1.0018257287310406,8
CUST-1025,47,Two Year,Bank Transfer,59.49,2551.93,0,7,1,0,760.15,0.0,54.2963829787234,1.0956530939328275,7
CUST-1026,62,Month-to-Month,Bank Transfer,45.4,2934.52,3,5,0,1,74.52,0.04838709677419355,47.33096774193548,0.9592028679307008,15
CUST-1027,51,One Year,Electronic Check,118.21,5522.54,1,5,1,0,1504.22,0.0196078431372549,108.28509803921568,1.0916552890517768,5
CUST-1028,55,Month-to-Month,Mailed Check,118.3,6405.55,1,28,1,1,159.92,0.01818181818181818,116.46454545454546,1.0157597708237387,28
CUST-1029,64,Two Year,Electronic Check,112.5,6836.48,1,36,0,0,1188.34,0.015625,106.82,1.053173563003183,36
CUST-1030,3,Month-to-Month,Credit Card,98.57,285.21,2,11,1,1,178.04,0.6666666666666666,95.07,1.0368149784369411,22
CUST-1031,51,Month-to-Month,Electronic Check,52.58,2658.86,0,8,1,1,95.6,0.0,52.134509803921574,1.0085450155329727,8
CUST-1032,7,Month-to-Month,Mailed Check,101.7,737.76,3,40,1,1,103.29,0.42857142857142855,105.39428571428572,0.9649479505530254,120
CUST-1033,21,Month-to-Month,Electronic Check,60.88,1238.38,1,18,0,1,38.82,0.047619047619047616,58.9704761904762,1.0323810139052632,18
CUST-1034,39,Month-to-Month,Bank Transfer,52.68,2153.46,6,16,0,1,39.58,0.15384615384615385,55.21692307692308,0.9540553342063469,96
CUST-1035,18,Two Year,Credit Card,94.49,1681.98,2,43,0,0,1065.27,0.1111111111111111,93.44333333333333,1.0112010844362003,86
CUST-1036,4,Month-to-Month,Electronic Check,27.97,103.39,0,31,0,1,37.66,0.0,25.8475,1.082116258825805,31
CUST-1037,60,One Year,Credit Card,24.86,1384.95,2,34,1,1,36.92,0.03333333333333333,23.0825,1.0770063901223872,68
CUST-1038,14,One Year,Electronic Check,64.8,913.93,1,13,1,1,64.61,0.07142857142857142,65.28071428571428,0.9926361975205978,13
CUST-1039,9,One Year,Mailed Check,64.56,527.33,0,15,1,0,758.26,0.0,58.592222222222226,1.1018527297896952,15
CUST-1040,53,Month-to-Month,Credit Card,109.56,5644.39,2,20,0,1,208.89,0.03773584905660377,106.4979245283019,1.0287524426908843,40
CUST-1041,2,Month-to-Month,Electronic Check,32.62,60.17,5,11,0,1,48.21,2.5,30.085,1.0842612597640018,55
CUST-1042,60,One Year,Credit Card,32.33,1871.87,1,23,1,1,23.85,0.016666666666666666,31.19783333333333,1.036289913295261,23
CUST-1043,71,Two Year,Electronic Check,34.75,2498.06,1,33,0,0,450.11,0.014084507042253521,35.18394366197183,0.9876664291490196,33
CUST-1044,44,Month-to-Month,Electronic Check,22.97,979.17,0,7,0,1,30.16,0.0,22.253863636363636,1.032180315981903,7
CUST-1045,8,Month-to-Month,Credit Card,27.17,200.95,6,43,0,1,49.07,0.75,25.11875,1.0816621050012443,258
CUST-1046,47,Month-to-Month,Electronic Check,85.99,3790.1,1,20,0,1,88.18,0.02127659574468085,80.64042553191489,1.0663386190337987,20
CUST-1047,35,Two Year,Credit Card,63.16,2111.41,1,7,0,0,784.45,0.02857142857142857,60.32599999999999,1.0469780857341777,7
CUST-1048,36,Month-to-Month,Credit Card,96.36,3158.26,5,27,0,1,134.71,0.1388888888888889,87.72944444444445,1.098376954398941,135
CUST-1049,50,Month-to-Month,Electronic Check,119.26,5889.36,0,15,0,1,153.44,0.0,117.7872,1.0125039053479497,15
CUST-1050,4,Two Year,Mailed Check,85.9,340.55,2,9,1,0,1143.07,0.5,85.1375,1.0089561004257819,18
CUST-1051,2,Month-to-Month,Electronic Check,25.05,45.56,2,14,0,1,14.04,1.0,22.78,1.0996488147497805,28
CUST-1052,6,Month-to-Month,Mailed Check,30.46,175.51,1,3,1,1,40.98,0.16666666666666666,29.251666666666665,1.04130818756766,3
CUST-1053,54,One Year,Electronic Check,108.1,5616.16,3,25,0,1,73.78,0.05555555555555555,104.00296296296295,1.0393934645736589,75
CUST-1054,4,Two Year,Electronic Check,72.75,276.47,3,14,1,1,70.77,0.75,69.1175,1.052555430969002,42
CUST-1055,54,Month-to-Month,Electronic Check,102.48,5443.5,2,35,0,1,152.95,0.037037037037037035,100.80555555555556,1.0166106365389915,70
CUST-1056,63,Month-to-Month,Mailed Check,105.66,6336.36,1,31,0,1,77.78,0.015873015873015872,100.57714285714285,1.0505369013124255,31
CUST-1057,18,Month-to-Month,Credit Card,112.77,1953.66,1,42,0,1,108.63,0.05555555555555555,108.53666666666668,1.039003716102085,42
CUST-1058,44,Month-to-Month,Credit Card,114.98,5158.42,6,37,1,1,178.74,0.13636363636363635,117.23681818181818,0.9807499195490093,222
CUST-1059,34,One Year,Bank Transfer,75.48,2372.09,3,3,0,1,111.42,0.08823529411764706,69.76735294117647,1.081881378868424,9
CUST-1060,62,Month-to-Month,Mailed Check,54.1,3330.28,2,40,0,1,34.44,0.03225806451612903,53.7141935483871,1.0071825792425861,80
CUST-1061,14,Month-to-Month,Credit Card,116.19,1587.36,4,8,1,1,158.7,0.2857142857142857,113.38285714285713,1.0247580889023284,32
CUST-1062,48,Month-to-Month,Electronic Check,74.74,3392.94,0,34,0,1,53.88,0.0,70.68625,1.057348494226246,34
CUST-1063,15,One Year,Bank Transfer,26.43,400.07,0,27,0,1,23.22,0.0,26.671333333333333,0.9909515834728923,27
CUST-1064,62,Month-to-Month,Credit Card,84.28,5134.85,2,36,0,1,100.19,0.03225806451612903,82.82016129032259,1.0176266103196783,72
CUST-1065,40,Two Year,Electronic Check,78.77,3061.33,2,8,0,0,806.23,0.05,76.53325,1.0292258593487145,16
CUST-1066,53,Month-to-Month,Bank Transfer,109.58,5808.61,2,1,0,1,218.12,0.03773584905660377,109.59641509433962,0.9998502223423504,2
CUST-1067,24,Two Year,Credit Card,85.32,2089.34,0,2,0,0,907.87,0.0,87.05583333333334,0.9800606890214133,2
CUST-1068,26,Two Year,Credit Card,54.91,1493.19,2,43,1,0,634.92,0.07692307692307693,57.43038461538462,0.956114091307871,86
CUST-1069,60,Month-to-Month,Bank Transfer,116.62,6958.03,4,4,1,1,203.47,0.06666666666666667,115.96716666666666,1.0056294669611947,16
CUST-1070,41,Month-to-Month,Electronic Check,100.16,4234.55,5,9,0,1,199.49,0.12195121951219512,103.28170731707317,0.969774828494173,45
CUST-1071,29,Month-to-Month,Electronic Check,83.04,2167.74,1,27,0,1,94.91,0.034482758620689655,74.74965517241378,1.1109081347394063,27
CUST-1072,15,Month-to-Month,Electronic Check,49.29,724.22,2,14,1,1,89.27,0.13333333333333333,48.281333333333336,1.0208914418270691,28
CUST-1073,45,Month-to-Month,Bank Transfer,57.35,2405.77,0,13,1,0,699.09,0.0,53.461555555555556,1.0727334699493303,13
CUST-1074,65,Month-to-Month,Electronic Check,87.0,5169.4,1,22,1,1,66.06,0.015384615384615385,79.52923076923076,1.0939374008589005,22
CUST-1075,71,Month-to-Month,Credit Card,27.2,1892.18,0,12,0,1,33.16,0.0,26.65042253521127,1.020621716749992,12
CUST-1076,9,Two Year,Electronic Check,45.67,415.97,1,15,1,0,606.2,0.1111111111111111,46.21888888888889,0.9881241435680458,15
CUST-1077,1,Month-to-Month,Electronic Check,91.39,87.9,4,29,1,1,130.79,4.0,87.9,1.0397042093287827,116
CUST-1078,8,Two Year,Mailed Check,68.0,544.28,2,39,0,0,817.93,0.25,68.035,0.9994855589035055,78
CUST-1079,63,Month-to-Month,Bank Transfer,60.24,3694.39,3,7,0,1,48.56,0.047619047619047616,58.64111111111111,1.0272656649676943,21
CUST-1080,11,Two Year,Electronic Check,35.15,373.33,4,16,0,0,429.98,0.36363636363636365,33.93909090909091,1.0356788899900893,64
CUST-1081,8,One Year,Mailed Check,64.18,484.45,2,29,0,1,35.68,0.25,60.55625,1.059841056868614,58
CUST-1082,35,Month-to-Month,Mailed Check,97.07,3252.68,1,16,1,1,165.93,0.02857142857142857,92.93371428571429,1.044507913474427,16
CUST-1083,35,One Year,Electronic Check,46.4,1546.81,2,34,1,1,25.05,0.05714285714285714,44.19457142857143,1.0499027029822667,68
CUST-1084,33,Month-to-Month,Electronic Check,20.54,675.74,4,0,1,1,30.51,0.12121212121212122,20.476969696969697,1.003078106964217,0
CUST-1085,5,Month-to-Month,Credit Card,86.85,398.38,2,23,1,1,53.69,0.4,79.676,1.0900396606255334,46
CUST-1086,41,Two Year,Mailed Check,117.26,4393.7,3,24,0,1,102.82,0.07317073170731707,107.16341463414633,1.0942167193936774,72
CUST-1087,28,Month-to-Month,Electronic Check,80.68,2256.79,1,1,0,1,127.71,0.03571428571428571,80.59964285714285,1.0009969913018049,1
CUST-1088,7,Month-to-Month,Credit Card,31.99,219.89,2,24,1,1,29.45,0.2857142857142857,31.412857142857142,1.018372822775024,48
CUST-1089,12,One Year,Credit Card,52.07,602.68,0,13,0,0,673.43,0.0,50.22333333333333,1.0367690980288047,13
CUST-1090,34,Two Year,Bank Transfer,106.76,3349.86,5,38,0,0,1132.53,0.14705882352941177,98.52529411764706,1.0835796122823043,190
CUST-1091,33,One Year,Mailed Check,43.26,1372.84,2,32,0,0,595.52,0.06060606060606061,41.60121212121212,1.0398735468080766,64
CUST-1092,48,Month-to-Month,Credit Card,80.77,3948.53,2,16,0,1,138.65,0.041666666666666664,82.26104166666667,0.9818742671323251,32
CUST-1093,23,One Year,Credit Card,60.27,1432.57,5,30,1,1,36.04,0.21739130434782608,62.28565217391304,0.9676385796156558,150
CUST-1094,62,Month-to-Month,Bank Transfer,40.78,2541.98,0,9,0,1,28.15,0.0,40.99967741935484,0.9946419720060741,9
CUST-1095,37,One Year,Mailed Check,101.34,3408.32,3,5,0,1,68.81,0.08108108108108109,92.11675675675676,1.1001255750633743,15
CUST-1096,44,Two Year,Mailed Check,94.28,4150.65,0,38,1,0,1260.92,0.0,94.33295454545454,0.9994386421403877,38
CUST-1097,35,One Year,Bank Transfer,86.16,2823.05,2,24,1,0,1040.3,0.05714285714285714,80.65857142857143,1.0682063725403375,48
CUST-1098,65,Two Year,Electronic Check,43.63,2686.46,5,37,1,0,548.92,0.07692307692307693,41.33015384615385,1.0556457196459281,185
CUST-1099,47,Month-to-Month,Mailed Check,29.79,1301.25,0,36,0,1,59.17,0.0,27.68617021276596,1.0759884726224782,36
CUST-1100,3,One Year,Credit Card,77.62,236.67,0,29,1,1,83.49,0.0,78.89,0.9839016351882368,29
CUST-1101,1,Two Year,Bank Transfer,75.37,75.17,2,33,1,1,109.03,2.0,75.17,1.0026606358919783,66
CUST-1102,5,Month-to-Month,Mailed Check,38.84,192.6,1,17,0,1,64.81,0.2,38.519999999999996,1.0083073727933543,17
CUST-1103,14,Two Year,Bank Transfer,25.62,358.75,5,23,1,1,27.9,0.35714285714285715,25.625,0.9998048780487805,115
CUST-1104,27,Month-to-Month,Electronic Check,28.07,709.02,3,26,0,1,20.85,0.1111111111111111,26.259999999999998,1.068926123381569,78
CUST-1105,9,One Year,Mailed Check,119.28,1037.77,1,26,1,1,137.25,0.1111111111111111,115.30777777777777,1.0344488663191267,26
CUST-1106,15,Two Year,Bank Transfer,98.36,1468.01,2,38,0,1,163.06,0.13333333333333333,97.86733333333333,1.0050340256537762,76
CUST-1107,42,One Year,Electronic Check,112.2,4691.14,0,20,0,0,1442.63,0.0,111.69380952380953,1.0045319474584002,20
CUST-1108,51,Month-to-Month,Electronic Check,39.51,2052.85,1,18,0,1,33.42,0.0196078431372549,40.251960784313724,0.9815670896558443,18
CUST-1109,63,One Year,Credit Card,116.06,6895.49,5,38,0,1,88.49,0.07936507936507936,109.45222222222222,1.0603713441684348,190
CUST-1110,52,Month-to-Month,Electronic Check,34.27,1809.75,0,22,0,1,64.46,0.0,34.80288461538461,0.9846884928857579,22
CUST-1111,4,Two Year,Electronic Check,70.91,274.0,1,38,1,1,40.13,0.25,68.5,1.0351824817518247,38
CUST-1112,23,Month-to-Month,Credit Card,102.97,2369.56,4,43,1,1,164.97,0.17391304347826086,103.02434782608695,0.9994724759026993,172
CUST-1113,15,Month-to-Month,Bank Transfer,54.98,798.6,3,14,1,1,31.32,0.2,53.24,1.0326821938392186,42
CUST-1114,43,One Year,Bank Transfer,62.48,2800.26,5,42,0,1,109.77,0.11627906976744186,65.12232558139536,0.9594251962317782,210
CUST-1115,29,Month-to-Month,Credit Card,32.82,882.2,0,1,1,1,60.98,0.0,30.420689655172417,1.0788710043074132,1
CUST-1116,36,One Year,Electronic Check,32.29,1163.89,1,34,0,0,399.2,0.027777777777777776,32.33027777777778,0.9987541778003075,34
CUST-1117,13,One Year,Bank Transfer,81.96,1051.07,3,19,1,1,50.07,0.23076923076923078,80.85153846153845,1.0137098385454824,57
CUST-1118,32,Two Year,Mailed Check,87.55,2594.03,1,27,0,1,106.9,0.03125,81.0634375,1.0800183498263318,27
CUST-1119,71,One Year,Credit Card,97.73,6313.65,3,14,0,1,92.62,0.04225352112676056,88.92464788732394,1.099020376485868,42
CUST-1120,59,Month-to-Month,Mailed Check,75.67,4553.25,0,15,1,1,85.18,0.0,77.17372881355932,0.9805150167462802,15
CUST-1121,28,Month-to-Month,Bank Transfer,84.58,2187.35,1,32,1,1,126.66,0.03571428571428571,78.11964285714285,1.0826982421651772,32
CUST-1122,66,Month-to-Month,Mailed Check,21.35,1307.61,0,11,1,1,17.39,0.0,19.812272727272727,1.0776148851721845,11
CUST-1123,42,Month-to-Month,Mailed Check,36.22,1592.38,2,38,1,1,37.5,0.047619047619047616,37.913809523809526,0.9553247340458935,76
CUST-1124,45,Month-to-Month,Bank Transfer,118.49,5372.52,4,38,0,1,198.33,0.08888888888888889,119.38933333333334,0.992467222085725,152
CUST-1125,62,One Year,Bank Transfer,27.6,1604.37,1,42,1,0,287.35,0.016129032258064516,25.876935483870966,1.066586884571514,42
CUST-1126,57,One Year,Bank Transfer,87.88,4952.27,2,19,0,1,86.95,0.03508771929824561,86.88192982456141,1.0114876612139483,38
CUST-1127,6,Month-to-Month,Mailed Check,37.61,221.17,1,28,0,1,56.28,0.16666666666666666,36.861666666666665,1.020301125830809,28
CUST-1128,28,Two Year,Mailed Check,91.67,2635.22,1,42,0,0,1028.49,0.03571428571428571,94.115,0.9740211443446848,42
CUST-1129,28,Two Year,Bank Transfer,90.6,2560.64,3,2,0,1,125.82,0.10714285714285714,91.45142857142856,0.9906898275431142,6
CUST-1130,44,Two Year,Credit Card,43.42,1957.78,1,4,1,0,452.19,0.022727272727272728,44.495,0.9758399820204519,4
CUST-1131,30,One Year,Bank Transfer,46.96,1312.62,0,1,0,0,641.29,0.0,43.754,1.0732733007267907,1
CUST-1132,62,Month-to-Month,Credit Card,85.48,5278.74,1,22,0,1,145.68,0.016129032258064516,85.14096774193548,1.003982010858652,22
CUST-1133,62,Month-to-Month,Credit Card,59.01,3314.84,4,25,0,1,102.32,0.06451612903225806,53.465161290322584,1.103709379638233,100
CUST-1134,1,Month-to-Month,Mailed Check,39.45,35.91,3,25,0,1,61.01,3.0,35.91,1.0985797827903092,75
CUST-1135,27,Month-to-Month,Bank Transfer,93.17,2533.27,1,6,1,1,57.29,0.037037037037037035,93.82481481481481,0.9930208781535328,6
CUST-1136,62,Two Year,Credit Card,35.41,1983.92,1,9,1,0,373.57,0.016129032258064516,31.998709677419356,1.1066071212548891,9
CUST-1137,3,Two Year,Bank Transfer,105.56,312.55,2,4,0,1,182.78,0.6666666666666666,104.18333333333334,1.0132138857782755,8
CUST-1138,70,Month-to-Month,Credit Card,71.47,5133.28,0,11,0,1,77.51,0.0,73.33257142857143,0.9746010348159462,11
CUST-1139,27,Month-to-Month,Bank Transfer,30.57,789.89,1,31,0,1,24.36,0.037037037037037035,29.255185185185184,1.0449429667422048,31
CUST-1140,9,Two Year,Mailed Check,89.41,729.63,4,41,1,1,123.51,0.4444444444444444,81.07,1.102874059454792,164
CUST-1141,62,Month-to-Month,Electronic Check,71.92,4490.6,1,30,0,1,125.1,0.016129032258064516,72.42903225806452,0.9929719859261568,30
CUST-1142,37,Month-to-Month,Mailed Check,49.81,1915.68,3,21,0,1,28.56,0.08108108108108109,51.77513513513514,0.9620448091539296,63
CUST-1143,51,Two Year,Credit Card,62.25,3198.8,5,16,1,0,700.6,0.09803921568627451,62.721568627450985,0.9924815555833437,80
CUST-1144,44,Month-to-Month,Bank Transfer,49.83,2163.51,2,19,0,1,72.99,0.045454545454545456,49.170681818181826,1.013408766310301,38
CUST-1145,24,Month-to-Month,Mailed Check,46.3,1038.42,1,19,1,1,64.98,0.041666666666666664,43.267500000000005,1.0700872479343617,19
CUST-1146,59,Month-to-Month,Credit Card,36.36,1935.66,1,42,0,1,53.63,0.01694915254237288,32.80779661016949,1.10827314714361,42
CUST-1147,32,Two Year,Mailed Check,56.28,1808.53,0,7,1,0,748.44,0.0,56.5165625,0.9958142801059424,7
CUST-1148,52,One Year,Mailed Check,45.1,2191.95,3,33,0,1,31.37,0.057692307692307696,42.152884615384615,1.0699149159424257,99
CUST-1149,62,Month-to-Month,Bank Transfer,88.34,5634.41,1,22,0,1,75.3,0.016129032258064516,90.87758064516129,0.9720769344083942,22
CUST-1150,58,Month-to-Month,Bank Transfer,88.39,4972.59,2,37,0,1,126.26,0.034482758620689655,85.73431034482759,1.0309758093870598,74
CUST-1151,52,Month-to-Month,Electronic Check,70.18,3574.9,2,27,1,1,36.95,0.038461538461538464,68.74807692307692,1.0208285546448852,54
CUST-1152,12,One Year,Mailed Check,97.79,1188.84,1,12,1,0,1191.66,0.08333333333333333,99.07,0.987079842535581,12
CUST-1153,39,One Year,Mailed Check,104.13,4129.76,3,28,0,1,156.0,0.07692307692307693,105.89128205128206,0.9833670721785284,84
CUST-1154,2,Month-to-Month,Electronic Check,77.98,155.4,2,7,1,1,66.97,1.0,77.7,1.0036036036036036,14
CUST-1155,3,Two Year,Mailed Check,81.89,255.68,2,10,1,0,1046.23,0.6666666666666666,85.22666666666667,0.9608494993742177,20
CUST-1156,56,Month-to-Month,Mailed Check,48.29,2832.27,2,44,1,1,62.83,0.03571428571428571,50.57625,0.9547959763723091,88
CUST-1157,59,Month-to-Month,Electronic Check,109.49,6731.44,0,17,1,1,97.56,0.0,114.0922033898305,0.9596624199279797,17
CUST-1158,2,Month-to-Month,Mailed Check,22.42,45.9,0,24,0,1,26.78,0.0,22.95,0.9769063180827888,24
CUST-1159,2,Month-to-Month,Electronic Check,54.86,110.36,1,21,1,1,102.28,0.5,55.18,0.9942007973903588,21
CUST-1160,54,Month-to-Month,Mailed Check,92.18,4975.23,0,44,0,1,105.08,0.0,92.13388888888888,1.0005004793748231,44
CUST-1161,1,Month-to-Month,Credit Card,28.01,25.64,2,34,0,1,40.47,2.0,25.64,1.0924336973478939,68
CUST-1162,19,Month-to-Month,Bank Transfer,38.32,684.92,4,28,0,1,21.19,0.21052631578947367,36.048421052631575,1.0630146586462654,112
CUST-1163,2,One Year,Electronic Check,78.93,142.21,2,20,1,1,48.68,1.0,71.105,1.11004851979467,40
CUST-1164,53,Month-to-Month,Electronic Check,76.0,3708.22,4,6,1,1,47.27,0.07547169811320754,69.96641509433962,1.086235444498978,24
CUST-1165,44,One Year,Electronic Check,93.89,3990.22,3,11,1,1,156.55,0.06818181818181818,90.68681818181818,1.0353213607269776,33
CUST-1166,32,Two Year,Mailed Check,101.26,2987.51,6,35,1,1,103.83,0.1875,93.3596875,1.0846223108876623,210
CUST-1167,70,Month-to-Month,Electronic Check,32.86,2381.28,2,23,1,1,27.65,0.02857142857142857,34.01828571428572,0.965951085130686,46
CUST-1168,32,Month-to-Month,Mailed Check,21.84,713.46,3,31,0,1,35.4,0.09375,22.295625,0.9795643764191405,93
CUST-1169,68,Month-to-Month,Electronic Check,88.96,5509.33,3,26,0,1,67.16,0.04411764705882353,81.01955882352941,1.0980064726563847,78
CUST-1170,55,Month-to-Month,Credit Card,50.14,2584.89,1,31,0,1,43.61,0.01818181818181818,46.998,1.066853908676965,31
CUST-1171,56,Month-to-Month,Electronic Check,82.6,4731.34,4,31,0,1,94.69,0.07142857142857142,84.48821428571429,0.9776511516821872,124
CUST-1172,17,One Year,Electronic Check,35.05,608.04,1,31,0,1,34.95,0.058823529411764705,35.76705882352941,0.9799519768436287,31
CUST-1173,38,One Year,Credit Card,66.9,2648.51,0,25,0,0,806.44,0.0,69.69763157894738,0.9598604498378333,25
CUST-1174,24,Month-to-Month,Electronic Check,70.44,1774.47,1,10,1,1,70.92,0.041666666666666664,73.93625,0.9527126409575817,10
CUST-1175,69,Two Year,Electronic Check,78.51,5668.77,2,17,1,0,1082.62,0.028985507246376812,82.15608695652175,0.9556200022227044,34
CUST-1176,70,Month-to-Month,Mailed Check,71.32,4800.3,1,38,0,1,127.97,0.014285714285714285,68.57571428571428,1.0400183321875716,38
CUST-1177,11,Two Year,Mailed Check,69.57,717.48,1,4,1,0,823.04,0.09090909090909091,65.22545454545455,1.0666081284495732,4
CUST-1178,16,One Year,Bank Transfer,53.27,864.05,6,15,0,1,92.77,0.375,54.003125,0.9864243967363001,90
CUST-1179,59,One Year,Electronic Check,27.12,1511.9,2,10,1,0,310.72,0.03389830508474576,25.625423728813562,1.058323963225081,20
CUST-1180,70,Month-to-Month,Mailed Check,28.95,2068.98,1,34,0,1,39.22,0.014285714285714285,29.556857142857144,0.9794681437229938,34
CUST-1181,3,Month-to-Month,Electronic Check,63.38,186.35,1,10,0,1,93.13,0.3333333333333333,62.11666666666667,1.0203380735175744,10
CUST-1182,20,Two Year,Electronic Check,55.58,1132.82,2,41,1,0,679.17,0.1,56.641,0.9812679860878163,82
CUST-1183,59,Month-to-Month,Credit Card,71.61,3977.33,2,22,0,1,120.19,0.03389830508474576,67.41237288135594,1.0622679033421918,44
CUST-1184,36,Two Year,Bank Transfer,50.48,1774.04,3,33,0,0,566.96,0.08333333333333333,49.278888888888886,1.0243737458005457,99
CUST-1185,19,Month-to-Month,Electronic Check,88.79,1661.04,2,16,0,1,59.19,0.10526315789473684,87.42315789473685,1.0156347830275008,32
CUST-1186,67,Month-to-Month,Mailed Check,106.4,7424.4,1,9,1,1,182.41,0.014925373134328358,110.81194029850745,0.9601853348418729,9
CUST-1187,19,Month-to-Month,Electronic Check,49.89,891.03,4,17,1,1,81.86,0.21052631578947367,46.89631578947368,1.06383623447022,68
CUST-1188,20,Month-to-Month,Credit Card,39.3,817.84,4,43,0,1,68.01,0.2,40.892,0.9610681795950307,172
CUST-1189,71,Two Year,Electronic Check,31.62,2291.56,2,7,1,0,425.87,0.028169014084507043,32.27549295774648,0.9796906910576202,14
CUST-1190,52,Month-to-Month,Electronic Check,81.63,4285.65,3,25,0,1,74.07,0.057692307692307696,82.41634615384615,0.9904588568828533,75
CUST-1191,33,Month-to-Month,Mailed Check,64.39,2163.18,3,2,0,1,60.76,0.09090909090909091,65.55090909090909,0.9822899620003884,6
CUST-1192,40,Month-to-Month,Mailed Check,38.8,1537.74,2,23,0,1,48.97,0.05,38.4435,1.009273349200775,46
CUST-1193,39,Month-to-Month,Mailed Check,85.31,3116.19,1,2,1,1,59.79,0.02564102564102564,79.90230769230769,1.0676788000731663,2
CUST-1194,1,Month-to-Month,Electronic Check,34.85,32.36,0,37,0,1,37.57,0.0,32.36,1.0769468479604452,37
CUST-1195,11,Month-to-Month,Electronic Check,75.43,854.58,1,1,0,1,58.33,0.09090909090909091,77.68909090909091,0.9709213882843035,1
CUST-1196,57,Two Year,Mailed Check,72.71,4180.82,0,34,0,0,789.4,0.0,73.34771929824561,0.9913055333642683,34
CUST-1197,50,Month-to-Month,Electronic Check,93.42,4353.28,0,16,0,1,145.7,0.0,87.06559999999999,1.072984048809174,16
CUST-1198,23,Month-to-Month,Credit Card,25.51,582.19,2,8,1,1,45.46,0.08695652173913043,25.312608695652177,1.0077981415001975,16
CUST-1199,31,Month-to-Month,Electronic Check,108.79,3261.64,2,35,0,1,58.13,0.06451612903225806,105.21419354838709,1.0339859702480962,70
CUST-1200,42,Month-to-Month,Mailed Check,90.3,3503.6,3,21,0,1,121.8,0.07142857142857142,83.41904761904762,1.082486585226624,63
CUST-1201,7,Two Year,Bank Transfer,41.61,285.38,3,30,0,1,23.06,0.42857142857142855,40.76857142857143,1.0206391478029295,90
CUST-1202,16,Month-to-Month,Electronic Check,38.34,578.0,3,33,0,1,24.07,0.1875,36.125,1.0613148788927336,99
CUST-1203,60,Month-to-Month,Bank Transfer,63.17,3465.9,2,23,1,1,98.4,0.03333333333333333,57.765,1.093568770016446,46
CUST-1204,2,One Year,Credit Card,101.76,197.42,2,8,0,1,163.16,1.0,98.71,1.0308985918346674,16
CUST-1205,1,Month-to-Month,Electronic Check,104.29,103.09,1,42,0,1,179.48,1.0,103.09,1.0116403142884858,42
CUST-1206,48,Month-to-Month,Credit Card,72.05,3136.89,0,1,0,1,87.28,0.0,65.35187499999999,1.10249323374425,1
CUST-1207,12,Two Year,Mailed Check,106.08,1222.44,4,20,0,1,189.85,0.3333333333333333,101.87,1.0413271817021694,80
CUST-1208,69,One Year,Electronic Check,20.54,1330.31,6,33,1,1,15.41,0.08695652173913043,19.279855072463768,1.0653607053994933,198
CUST-1209,37,Two Year,Mailed Check,23.52,787.22,0,26,1,0,277.17,0.0,21.276216216216216,1.1054597190112039,26
CUST-1210,32,Month-to-Month,Electronic Check,111.18,3269.05,2,36,0,1,78.02,0.0625,102.1578125,1.088316177482755,72
CUST-1211,9,Month-to-Month,Bank Transfer,97.53,808.3,2,6,0,1,165.44,0.2222222222222222,89.8111111111111,1.0859458121984413,12
CUST-1212,19,Month-to-Month,Bank Transfer,65.07,1146.61,2,21,1,1,54.85,0.10526315789473684,60.3478947368421,1.0782480529561054,42
CUST-1213,48,Month-to-Month,Credit Card,95.36,4671.14,1,3,1,1,69.92,0.020833333333333332,97.31541666666668,0.9799064040041616,3
CUST-1214,3,Two Year,Credit Card,115.56,334.87,2,13,0,1,165.79,0.6666666666666666,111.62333333333333,1.0352674172066771,26
CUST-1215,20,Month-to-Month,Bank Transfer,97.21,1792.67,2,33,1,1,59.84,0.1,89.6335,1.0845275482938856,66
CUST-1216,24,Two Year,Bank Transfer,104.24,2289.22,1,22,1,0,1078.52,0.041666666666666664,95.38416666666666,1.0928438507439215,22
CUST-1217,54,One Year,Electronic Check,96.06,4900.34,2,43,0,0,984.97,0.037037037037037035,90.74703703703705,1.058546957966182,86
CUST-1218,33,Month-to-Month,Mailed Check,36.82,1239.0,2,41,0,1,18.42,0.06060606060606061,37.54545454545455,0.9806779661016949,82
CUST-1219,24,Month-to-Month,Electronic Check,103.36,2368.19,0,24,1,1,159.74,0.0,98.67458333333333,1.0474835211701763,24
CUST-1220,36,One Year,Bank Transfer,39.51,1314.24,2,0,0,1,53.08,0.05555555555555555,36.50666666666667,1.0822680788897003,0
CUST-1221,38,Month-to-Month,Mailed Check,109.26,3988.37,2,14,1,1,89.03,0.05263157894736842,104.95710526315789,1.0409966978991418,28
CUST-1222,25,Two Year,Electronic Check,65.86,1619.0,3,31,1,0,832.6,0.12,64.76,1.0169857936998146,93
CUST-1223,18,Month-to-Month,Electronic Check,87.7,1427.75,0,13,1,1,150.53,0.0,79.31944444444444,1.105655752057433,13
CUST-1224,66,Month-to-Month,Electronic Check,69.72,4574.58,1,40,0,1,87.34,0.015151515151515152,69.31181818181818,1.00588906522566,40
CUST-1225,54,One Year,Mailed Check,29.4,1522.93,2,20,0,0,393.5,0.037037037037037035,28.20240740740741,1.0424641973038813,40
CUST-1226,35,Two Year,Mailed Check,49.07,1548.21,4,6,0,1,57.86,0.11428571428571428,44.23457142857143,1.1093133360461436,24
CUST-1227,61,Month-to-Month,Bank Transfer,118.37,7228.39,1,35,1,1,101.39,0.01639344262295082,118.49819672131149,0.9989181546651467,35
CUST-1228,41,Two Year,Mailed Check,116.07,4791.51,2,20,1,0,1469.57,0.04878048780487805,116.86609756097562,0.9931879511886649,40
CUST-1229,33,Month-to-Month,Bank Transfer,52.05,1707.9,3,39,1,1,70.19,0.09090909090909091,51.75454545454546,1.0057087651501844,117
CUST-1230,68,One Year,Electronic Check,119.63,7738.59,3,11,0,1,83.32,0.04411764705882353,113.80279411764707,1.0512044183759572,33
CUST-1231,33,One Year,Electronic Check,104.56,3379.54,1,14,1,1,115.97,0.030303030303030304,102.41030303030303,1.020991022446842,14
CUST-1232,14,Month-to-Month,Mailed Check,81.1,1087.8,2,14,1,1,80.61,0.14285714285714285,77.7,1.0437580437580436,28
CUST-1233,21,Month-to-Month,Mailed Check,24.01,506.78,1,16,0,1,19.72,0.047619047619047616,24.132380952380952,0.9949287659339359,16
CUST-1234,48,One Year,Electronic Check,110.14,5220.83,2,33,0,0,1183.2,0.041666666666666664,108.76729166666667,1.0126205986404462,66
CUST-1235,20,Month-to-Month,Electronic Check,75.74,1381.91,2,43,1,1,137.95,0.1,69.0955,1.0961640048917802,86
CUST-1236,8,One Year,Electronic Check,106.85,851.78,2,34,1,1,85.34,0.25,106.4725,1.003545516447909,68
CUST-1237,7,Month-to-Month,Mailed Check,103.44,726.31,1,38,1,1,106.36,0.14285714285714285,103.75857142857141,0.9969296856714076,38
CUST-1238,67,Two Year,Electronic Check,103.3,6613.84,3,37,0,0,1062.81,0.04477611940298507,98.71402985074627,1.046457126268552,111
CUST-1239,17,One Year,Bank Transfer,89.82,1574.84,6,13,0,1,73.0,0.35294117647058826,92.63764705882352,0.9695842117294455,78
CUST-1240,33,Two Year,Credit Card,49.14,1664.52,1,4,1,0,501.59,0.030303030303030304,50.44,0.9742268041237114,4
CUST-1241,48,Month-to-Month,Electronic Check,53.62,2384.01,3,29,1,1,83.09,0.0625,49.666875000000005,1.0795927869430075,87
CUST-1242,59,One Year,Credit Card,50.85,3107.08,0,3,1,0,609.21,0.0,52.66237288135593,0.9655850509159727,3
CUST-1243,22,One Year,Mailed Check,22.0,467.61,1,14,1,0,289.24,0.045454545454545456,21.255,1.03505057633498,14
CUST-1244,30,Month-to-Month,Bank Transfer,78.26,2367.9,2,38,0,1,122.09,0.06666666666666667,78.93,0.9915114658558216,76
CUST-1245,38,Month-to-Month,Bank Transfer,89.88,3490.97,0,34,1,1,175.02,0.0,91.86763157894737,0.9783641795833249,34
CUST-1246,51,Month-to-Month,Bank Transfer,105.39,5244.64,2,44,0,1,107.47,0.0392156862745098,102.83607843137256,1.0248348790384088,88
CUST-1247,54,One Year,Mailed Check,34.02,1763.35,1,9,0,0,435.21,0.018518518518518517,32.654629629629625,1.041812459239516,9
CUST-1248,8,Month-to-Month,Mailed Check,74.42,617.58,1,1,0,1,39.64,0.125,77.1975,0.9640208555976553,1
CUST-1249,27,Month-to-Month,Electronic Check,20.8,524.89,1,43,1,1,19.39,0.037037037037037035,19.44037037037037,1.0699384632970719,43
CUST-1250,27,One Year,Electronic Check,29.51,747.8,2,23,1,1,16.91,0.07407407407407407,27.696296296296296,1.0654854239101366,46
CUST-1251,21,Month-to-Month,Electronic Check,25.42,509.39,0,27,0,1,37.54,0.0,24.256666666666668,1.0479593238972105,27
CUST-1252,30,Month-to-Month,Electronic Check,92.55,2856.8,3,21,0,1,60.27,0.1,95.22666666666667,0.9718916269952393,63
CUST-1253,28,Two Year,Electronic Check,28.11,819.21,0,43,1,0,292.8,0.0,29.2575,0.9607792873622147,43
CUST-1254,64,Two Year,Electronic Check,91.65,5472.66,0,31,0,0,1193.56,0.0,85.5103125,1.071800550372214,31
CUST-1255,69,Month-to-Month,Bank Transfer,44.96,3194.01,3,30,1,1,24.42,0.043478260869565216,46.290000000000006,0.9712680924605746,90
CUST-1256,61,Month-to-Month,Credit Card,107.77,6171.19,1,18,0,1,169.43,0.01639344262295082,101.16704918032787,1.0652678008617462,18
CUST-1257,48,One Year,Credit Card,101.31,5084.61,2,20,0,0,1189.76,0.041666666666666664,105.929375,0.9563919356646823,40
CUST-1258,19,Month-to-Month,Mailed Check,115.78,2176.97,3,2,0,1,172.71,0.15789473684210525,114.57736842105263,1.010496240187049,6
CUST-1259,4,Month-to-Month,Bank Transfer,108.38,390.63,1,5,0,1,59.15,0.25,97.6575,1.1097969945984691,5
CUST-1260,35,Month-to-Month,Credit Card,113.33,3590.2,1,31,0,1,202.51,0.02857142857142857,102.57714285714285,1.1048270291348672,31
CUST-1261,64,Month-to-Month,Mailed Check,105.87,6248.01,3,1,0,1,169.25,0.046875,97.62515625,1.084454090182314,3
CUST-1262,49,One Year,Electronic Check,89.34,4063.06,0,23,0,0,974.95,0.0,82.9195918367347,1.0774293266651243,23
CUST-1263,17,Month-to-Month,Credit Card,37.03,639.04,3,44,0,1,36.77,0.17647058823529413,37.59058823529411,0.9850870055082626,132
CUST-1264,44,One Year,Mailed Check,47.17,1937.28,3,26,1,1,57.53,0.06818181818181818,44.02909090909091,1.071337132474397,78
CUST-1265,30,Two Year,Mailed Check,41.27,1294.27,2,8,0,0,471.36,0.06666666666666667,43.14233333333333,0.9566010183346597,16
CUST-1266,46,Month-to-Month,Electronic Check,80.36,3679.62,1,12,0,1,70.56,0.021739130434782608,79.99173913043478,1.0046037362553741,12
CUST-1267,6,One Year,Electronic Check,70.36,423.8,4,13,1,1,45.84,0.6666666666666666,70.63333333333334,0.9961302501179801,52
CUST-1268,37,Two Year,Credit Card,106.71,3682.44,2,10,1,0,1398.14,0.05405405405405406,99.52540540540541,1.072188548896927,20
CUST-1269,24,Month-to-Month,Bank Transfer,115.27,2860.28,3,13,0,1,62.18,0.125,119.17833333333334,0.9672060078034317,39
CUST-1270,46,Month-to-Month,Electronic Check,60.49,2783.02,2,15,1,1,112.9,0.043478260869565216,60.50043478260869,0.999827525493888,30
CUST-1271,53,One Year,Electronic Check,70.64,3854.97,3,9,1,0,910.23,0.05660377358490566,72.73528301886792,0.9711930313335773,27
CUST-1272,60,One Year,Mailed Check,117.15,7334.57,0,19,1,0,1399.48,0.0,122.24283333333332,0.9583383892988956,19
CUST-1273,63,Two Year,Mailed Check,47.62,2756.59,5,15,0,0,547.61,0.07936507936507936,43.75539682539683,1.088322891688644,75
CUST-1274,32,Month-to-Month,Electronic Check,99.24,2904.12,3,33,1,1,183.93,0.09375,90.75375,1.09350853270526,99
CUST-1275,33,Two Year,Credit Card,42.52,1431.94,2,15,0,0,563.61,0.06060606060606061,43.39212121212121,0.9799013925164464,30
CUST-1276,67,Month-to-Month,Electronic Check,88.15,6082.75,4,13,0,1,166.27,0.05970149253731343,90.78731343283582,0.9709506391023798,52
CUST-1277,18,Month-to-Month,Electronic Check,45.36,806.33,1,27,1,1,69.17,0.05555555555555555,44.79611111111112,1.0125878982550567,27
CUST-1278,25,One Year,Bank Transfer,108.37,2587.06,2,17,0,0,1414.92,0.08,103.4824,1.0472312199948977,34
CUST-1279,54,Month-to-Month,Electronic Check,76.15,4103.44,1,25,1,1,73.29,0.018518518518518517,75.98962962962962,1.0021104244243857,25
CUST-1280,58,Month-to-Month,Credit Card,38.59,2117.02,2,37,0,1,47.48,0.034482758620689655,36.500344827586204,1.0572502857790669,74
CUST-1281,67,Month-to-Month,Bank Transfer,42.44,2660.81,0,6,0,1,59.88,0.0,39.71358208955224,1.06865202701433,6
CUST-1282,46,Month-to-Month,Bank Transfer,69.38,3106.02,1,44,1,1,131.11,0.021739130434782608,67.52217391304347,1.0275143109187963,44
CUST-1283,24,Month-to-Month,Electronic Check,116.16,2599.45,2,33,0,1,124.98,0.08333333333333333,108.31041666666665,1.0724730231395103,66
CUST-1284,32,Two Year,Electronic Check,96.96,3017.57,2,44,1,0,1167.97,0.0625,94.2990625,1.0282180695062582,88
CUST-1285,47,Month-to-Month,Electronic Check,68.83,3375.7,2,6,1,1,133.63,0.0425531914893617,71.82340425531915,0.9583227182510294,12
CUST-1286,23,One Year,Mailed Check,53.77,1268.82,3,32,1,1,39.17,0.13043478260869565,55.16608695652174,0.9746930218628332,96
CUST-1287,66,One Year,Bank Transfer,74.93,5149.35,1,34,0,0,925.28,0.015151515151515152,78.02045454545456,0.960389175332809,34
CUST-1288,27,Two Year,Credit Card,94.84,2614.32,1,38,0,0,1165.18,0.037037037037037035,96.82666666666667,0.9794822362985404,38
CUST-1289,2,Month-to-Month,Bank Transfer,98.39,187.57,1,20,1,1,157.29,0.5,93.785,1.0491016687103483,20
CUST-1290,17,Two Year,Credit Card,52.46,911.27,1,27,1,0,696.75,0.058823529411764705,53.60411764705882,0.9786561611816477,27
CUST-1291,33,Month-to-Month,Bank Transfer,92.12,3156.81,2,31,0,1,92.21,0.06060606060606061,95.66090909090909,0.9629847852737417,62
CUST-1292,9,One Year,Electronic Check,85.78,804.49,1,43,1,1,46.38,0.1111111111111111,89.38777777777779,0.9596390259667615,43
CUST-1293,43,One Year,Electronic Check,115.91,4996.49,1,15,1,1,226.85,0.023255813953488372,116.1974418604651,0.9975262634369328,15
CUST-1294,48,Two Year,Bank Transfer,113.11,5058.49,2,9,1,0,1552.9,0.041666666666666664,105.38520833333332,1.0733005303954344,18
CUST-1295,39,Month-to-Month,Electronic Check,98.94,3495.79,1,22,0,1,63.41,0.02564102564102564,89.63564102564102,1.1038020018364947,22
CUST-1296,42,One Year,Electronic Check,92.34,3576.08,3,14,0,0,1253.76,0.07142857142857142,85.1447619047619,1.0845059394644416,42
CUST-1297,26,Month-to-Month,Mailed Check,47.4,1287.65,2,42,0,1,66.72,0.07692307692307693,49.525000000000006,0.9570923775870771,84
CUST-1298,50,One Year,Credit Card,104.6,5069.51,1,5,0,1,186.25,0.02,101.39020000000001,1.0316578919856159,5
CUST-1299,25,Two Year,Electronic Check,62.75,1613.06,1,32,1,0,718.97,0.04,64.5224,0.9725304700383122,32
CUST-1300,24,Month-to-Month,Bank Transfer,47.22,1099.01,1,38,0,1,51.19,0.041666666666666664,45.79208333333333,1.0311826098033685,38
CUST-1301,13,Two Year,Credit Card,58.42,758.79,2,11,1,0,731.2,0.15384615384615385,58.36846153846154,1.0008829847520395,22
CUST-1302,60,Month-to-Month,Mailed Check,103.59,5616.37,3,35,0,1,68.33,0.05,93.60616666666667,1.106657859079797,105
CUST-1303,7,Month-to-Month,Electronic Check,34.86,228.76,3,30,0,1,42.99,0.42857142857142855,32.68,1.0667074663402694,90
CUST-1304,57,Month-to-Month,Electronic Check,65.62,3611.08,4,9,0,1,76.38,0.07017543859649122,63.35228070175438,1.035795385314089,36
CUST-1305,36,Month-to-Month,Bank Transfer,69.24,2479.17,3,33,0,1,57.06,0.08333333333333333,68.86583333333334,1.0054332700056872,99
CUST-1306,45,One Year,Bank Transfer,23.66,985.62,0,40,0,0,301.19,0.0,21.90266666666667,1.0802337614902293,40
CUST-1307,20,Month-to-Month,Credit Card,39.57,803.02,1,9,0,1,77.19,0.05,40.150999999999996,0.9855296256631219,9
CUST-1308,65,Month-to-Month,Mailed Check,102.67,6370.98,1,10,1,1,95.79,0.015384615384615385,98.01507692307692,1.0474919086231633,10
CUST-1309,8,Two Year,Electronic Check,103.08,843.29,1,13,0,1,84.54,0.125,105.41125,0.9778842391111006,13
CUST-1310,16,Two Year,Electronic Check,49.24,720.63,3,2,0,1,64.22,0.1875,45.039375,1.093265614809264,6
CUST-1311,14,Two Year,Bank Transfer,107.49,1507.81,3,32,1,1,161.93,0.21428571428571427,107.70071428571428,0.9980435200721576,96
CUST-1312,15,Two Year,Electronic Check,97.18,1376.07,3,6,0,1,154.29,0.2,91.738,1.0593211101179447,18
CUST-1313,66,One Year,Electronic Check,61.79,4156.88,2,3,0,0,708.52,0.030303030303030304,62.983030303030304,0.9810579088162276,6
CUST-1314,32,Month-to-Month,Mailed Check,94.84,2914.47,1,38,0,1,52.66,0.03125,91.0771875,1.0413145443253835,38
CUST-1315,63,Month-to-Month,Electronic Check,116.13,7314.74,2,9,0,1,126.66,0.031746031746031744,116.10698412698413,1.0001982298755663,18
CUST-1316,51,One Year,Electronic Check,65.9,3495.83,2,14,1,0,707.16,0.0392156862745098,68.5456862745098,0.9614025853659932,28
CUST-1317,25,Month-to-Month,Mailed Check,43.84,989.79,2,15,0,1,81.42,0.08,39.5916,1.1073055900746624,30
CUST-1318,58,One Year,Electronic Check,114.18,5971.24,1,37,1,1,160.23,0.017241379310344827,102.95241379310345,1.1090560754550145,37
CUST-1319,63,Month-to-Month,Electronic Check,80.37,5142.0,1,3,1,1,46.49,0.015873015873015872,81.61904761904762,0.9846966161026838,3
CUST-1320,62,Month-to-Month,Bank Transfer,30.53,1887.1,4,3,0,1,33.43,0.06451612903225806,30.437096774193545,1.0030523024746967,12
CUST-1321,22,Month-to-Month,Credit Card,77.27,1604.65,3,35,1,1,47.24,0.13636363636363635,72.93863636363636,1.059383666220048,105
CUST-1322,58,One Year,Electronic Check,70.06,3958.48,0,26,0,0,829.26,0.0,68.2496551724138,1.0265253329560842,26
CUST-1323,58,One Year,Bank Transfer,105.56,5548.74,2,21,0,1,62.84,0.034482758620689655,95.66793103448275,1.1034000511827913,42
CUST-1324,49,One Year,Electronic Check,73.07,3325.74,1,21,0,0,947.51,0.02040816326530612,67.87224489795918,1.0765814525489064,21
CUST-1325,52,Month-to-Month,Mailed Check,45.52,2281.06,2,16,0,1,51.23,0.038461538461538464,43.86653846153846,1.0376930023760884,32
CUST-1326,42,Month-to-Month,Credit Card,87.56,3769.85,4,44,0,1,104.54,0.09523809523809523,89.75833333333333,0.9755083093491784,176
CUST-1327,70,Two Year,Bank Transfer,74.26,5052.39,1,33,0,0,784.31,0.014285714285714285,72.177,1.0288596090167228,33
CUST-1328,15,One Year,Credit Card,43.3,641.68,1,31,1,1,51.75,0.06666666666666667,42.778666666666666,1.0121867597556413,31
CUST-1329,54,Month-to-Month,Electronic Check,77.36,4307.2,1,5,1,1,121.44,0.018518518518518517,79.76296296296296,0.9698736998514116,5
CUST-1330,60,Two Year,Electronic Check,102.15,5800.01,3,32,0,0,1330.93,0.05,96.66683333333334,1.0567223159960069,96
CUST-1331,8,Month-to-Month,Credit Card,22.86,183.81,0,7,1,1,30.21,0.0,22.97625,0.9949404276154724,7
CUST-1332,53,Month-to-Month,Electronic Check,83.09,4532.58,2,35,1,1,79.36,0.03773584905660377,85.52037735849056,0.9715813068936456,70
CUST-1333,60,Month-to-Month,Electronic Check,54.96,3068.06,0,4,0,1,56.63,0.0,51.13433333333333,1.0748160075096316,4
CUST-1334,5,One Year,Bank Transfer,49.27,234.89,0,4,0,1,70.0,0.0,46.977999999999994,1.0487887947549919,4
CUST-1335,68,One Year,Credit Card,59.26,4218.96,1,9,0,0,682.18,0.014705882352941176,62.04352941176471,0.955135862866678,9
CUST-1336,6,Month-to-Month,Credit Card,54.2,340.64,0,39,0,1,85.88,0.0,56.77333333333333,0.9546735556599343,39
CUST-1337,47,Two Year,Electronic Check,103.22,4528.65,0,6,0,0,1089.31,0.0,96.35425531914893,1.0712552305874818,6
CUST-1338,55,Month-to-Month,Credit Card,47.48,2376.29,0,11,0,1,80.97,0.0,43.20527272727273,1.0989399441987298,11
CUST-1339,40,Month-to-Month,Electronic Check,93.32,3511.21,1,29,1,1,108.73,0.025,87.78025,1.0631092985039345,29
CUST-1340,52,Month-to-Month,Electronic Check,29.41,1467.63,2,24,0,1,36.37,0.038461538461538464,28.223653846153848,1.0420337551017627,48
CUST-1341,16,Month-to-Month,Bank Transfer,115.14,1779.88,1,27,0,1,173.28,0.0625,111.2425,1.0350360698474055,27
CUST-1342,13,Month-to-Month,Electronic Check,82.23,1061.32,2,42,0,1,68.4,0.15384615384615385,81.64,1.0072268495835375,84
CUST-1343,30,One Year,Electronic Check,90.67,2815.1,0,12,0,1,97.82,0.0,93.83666666666666,0.9662534190614899,12
CUST-1344,19,Two Year,Bank Transfer,49.8,898.47,2,21,0,1,71.58,0.10526315789473684,47.287894736842105,1.0531236435273297,42
CUST-1345,17,Month-to-Month,Electronic Check,61.21,1069.18,4,17,0,1,33.26,0.23529411764705882,62.89294117647059,0.9732411754802746,68
CUST-1346,63,Month-to-Month,Electronic Check,42.38,2440.38,0,26,1,1,48.97,0.0,38.73619047619048,1.0940673173849973,26
CUST-1347,19,Month-to-Month,Electronic Check,113.25,1950.09,3,7,0,1,158.35,0.15789473684210525,102.63631578947368,1.103410611817916,21
CUST-1348,58,Month-to-Month,Mailed Check,68.81,3893.63,4,5,0,1,134.25,0.06896551724137931,67.13155172413794,1.0250023756751412,20
CUST-1349,55,Month-to-Month,Mailed Check,83.04,4151.35,1,10,0,1,150.76,0.01818181818181818,75.47909090909091,1.100172233128982,10
CUST-1350,62,One Year,Bank Transfer,93.43,5554.43,4,28,1,1,86.06,0.06451612903225806,89.5875806451613,1.0428900895321391,112
CUST-1351,23,Month-to-Month,Bank Transfer,57.11,1358.87,2,40,1,1,72.01,0.08695652173913043,59.081304347826084,0.9666340415197923,80
CUST-1352,9,One Year,Mailed Check,92.01,775.28,0,4,0,0,985.27,0.0,86.14222222222222,1.0681173253534209,4
CUST-1353,12,Two Year,Credit Card,87.6,1057.4,1,6,0,1,75.44,0.08333333333333333,88.11666666666667,0.9941365613769622,6
CUST-1354,1,Month-to-Month,Electronic Check,90.57,85.62,1,21,0,1,150.55,1.0,85.62,1.0578135949544498,21
CUST-1355,58,Two Year,Electronic Check,68.92,3624.56,1,3,0,0,778.77,0.017241379310344827,62.492413793103445,1.10285386364138,3
CUST-1356,1,One Year,Credit Card,58.29,57.33,1,31,1,1,51.68,1.0,57.33,1.0167451596023025,31
CUST-1357,34,One Year,Electronic Check,42.21,1471.35,3,18,0,1,80.88,0.08823529411764706,43.275,0.9753899480069325,54
CUST-1358,48,Month-to-Month,Credit Card,102.46,4728.34,1,44,1,1,177.85,0.020833333333333332,98.50708333333334,1.0401282479686316,44
CUST-1359,1,Month-to-Month,Mailed Check,80.84,80.24,1,32,0,1,135.22,1.0,80.24,1.0074775672981058,32
CUST-1360,16,Month-to-Month,Bank Transfer,64.44,1067.13,0,0,0,1,115.79,0.0,66.695625,0.9661803154254869,0
CUST-1361,61,Month-to-Month,Mailed Check,114.4,7107.18,3,40,1,1,185.83,0.04918032786885246,116.51114754098361,0.9818802957009671,120
CUST-1362,64,Month-to-Month,Mailed Check,24.78,1473.45,1,43,0,1,16.87,0.015625,23.02265625,1.0763310597577116,43
CUST-1363,63,One Year,Electronic Check,105.02,6682.47,1,40,1,1,133.88,0.015873015873015872,106.07095238095239,0.9900919869449468,40
CUST-1364,69,Month-to-Month,Bank Transfer,119.76,8059.2,3,7,0,1,139.68,0.043478260869565216,116.8,1.0253424657534247,21
CUST-1365,22,Two Year,Mailed Check,108.69,2419.62,1,31,0,1,105.07,0.045454545454545456,109.98272727272727,0.9882460882287301,31
CUST-1366,67,One Year,Credit Card,101.04,6594.87,2,29,1,0,1306.6,0.029850746268656716,98.43089552238806,1.0265069667787237,58
CUST-1367,26,Month-to-Month,Electronic Check,57.43,1372.52,1,27,0,1,68.7,0.038461538461538464,52.78923076923077,1.0879112872672165,27
CUST-1368,16,Month-to-Month,Electronic Check,43.13,680.06,2,40,0,1,25.47,0.125,42.50375,1.0147339940593478,80
CUST-1369,51,Two Year,Electronic Check,93.49,4643.16,1,31,0,0,1022.39,0.0196078431372549,91.04235294117647,1.0268847078282892,31
CUST-1370,57,Two Year,Bank Transfer,50.46,2812.05,2,24,1,0,579.3,0.03508771929824561,49.33421052631579,1.022819651144183,48
CUST-1371,29,One Year,Credit Card,37.6,1125.11,3,33,0,1,68.85,0.10344827586206896,38.79689655172413,0.9691496831420929,99
CUST-1372,69,Month-to-Month,Electronic Check,98.65,7039.82,1,32,0,1,145.13,0.014492753623188406,102.0263768115942,0.9669068243222129,32
CUST-1373,47,Month-to-Month,Bank Transfer,51.25,2331.74,2,12,0,1,68.7,0.0425531914893617,49.61148936170212,1.0330268383267434,24
CUST-1374,62,Month-to-Month,Electronic Check,111.44,6690.67,2,24,0,1,140.41,0.03225806451612903,107.91403225806452,1.0326738577750807,48
CUST-1375,69,Month-to-Month,Bank Transfer,104.06,7016.99,3,41,1,1,153.51,0.043478260869565216,101.6955072463768,1.0232507100622918,123
CUST-1376,16,One Year,Credit Card,104.76,1639.18,3,39,0,1,171.0,0.1875,102.44875,1.022560060518064,117
CUST-1377,48,One Year,Electronic Check,97.16,4862.16,1,38,1,1,129.38,0.020833333333333332,101.295,0.9591786366553137,38
CUST-1378,39,One Year,Mailed Check,108.09,4204.59,2,43,0,0,1305.13,0.05128205128205128,107.81,1.0025971616733143,86
CUST-1379,33,Two Year,Credit Card,100.57,3125.05,1,43,1,0,1210.58,0.030303030303030304,94.69848484848485,1.0620022079646725,43
CUST-1380,23,One Year,Credit Card,80.25,1808.34,2,9,1,0,1000.93,0.08695652173913043,78.62347826086956,1.0206874813364744,18
CUST-1381,10,Month-to-Month,Mailed Check,49.58,492.87,0,30,1,1,74.57,0.0,49.287,1.0059447724552113,30
CUST-1382,69,Month-to-Month,Mailed Check,108.82,7478.29,3,43,0,1,206.64,0.043478260869565216,108.38101449275362,1.0040503911990575,129
CUST-1383,34,Two Year,Electronic Check,104.06,3494.83,1,10,0,0,1185.17,0.029411764705882353,102.78911764705882,1.0123639776469815,10
CUST-1384,52,Month-to-Month,Mailed Check,67.29,3242.46,3,24,1,1,120.41,0.057692307692307696,62.355000000000004,1.0791436131825836,72
CUST-1385,10,Two Year,Credit Card,23.91,216.39,1,44,0,0,291.12,0.1,21.639,1.1049493969222237,44
CUST-1386,19,Two Year,Bank Transfer,83.85,1514.57,2,33,0,1,155.64,0.10526315789473684,79.71421052631578,1.0518827125850903,66
CUST-1387,58,Month-to-Month,Electronic Check,25.06,1401.34,3,19,1,1,43.76,0.05172413793103448,24.16103448275862,1.0372072444945553,57
CUST-1388,1,One Year,Electronic Check,112.63,102.41,3,6,0,1,125.01,3.0,102.41,1.099794941900205,18
CUST-1389,69,Two Year,Electronic Check,116.16,8193.34,3,32,1,1,85.77,0.043478260869565216,118.7440579710145,0.9782384229142205,96
CUST-1390,4,One Year,Electronic Check,38.95,148.26,0,34,0,1,38.99,0.0,37.065,1.0508566032645354,34
CUST-1391,16,Two Year,Electronic Check,87.64,1454.19,0,28,1,1,144.69,0.0,90.886875,0.9642756448607128,28
CUST-1392,24,Two Year,Mailed Check,29.23,647.62,4,11,0,1,24.83,0.16666666666666666,26.984166666666667,1.0832278187826194,44
CUST-1393,2,Month-to-Month,Electronic Check,92.95,168.9,1,4,0,1,113.16,0.5,84.45,1.1006512729425695,4
CUST-1394,32,Month-to-Month,Electronic Check,54.73,1702.93,1,11,1,0,641.2,0.03125,53.2165625,1.0284392194629255,11
CUST-1395,24,Two Year,Mailed Check,88.11,1963.17,0,28,0,1,123.86,0.0,81.79875,1.0771558245083208,28
CUST-1396,12,One Year,Electronic Check,57.29,715.4,3,34,1,1,109.06,0.25,59.61666666666667,0.9609728823036063,102
CUST-1397,50,Month-to-Month,Electronic Check,34.56,1557.87,1,19,1,1,51.57,0.02,31.1574,1.109206801594485,19
CUST-1398,35,Month-to-Month,Electronic Check,60.61,2040.51,3,36,0,1,101.79,0.08571428571428572,58.300285714285714,1.0396175465937436,108
CUST-1399,33,One Year,Electronic Check,31.27,1072.17,1,0,1,0,392.2,0.030303030303030304,32.49,0.9624499846106493,0
CUST-1400,33,Two Year,Mailed Check,77.69,2455.23,6,15,0,0,1008.59,0.18181818181818182,74.4009090909091,1.0442076709717623,90
CUST-1401,61,Two Year,Electronic Check,24.1,1343.62,2,29,1,0,299.0,0.03278688524590164,22.02655737704918,1.0941337580565935,58
CUST-1402,51,One Year,Bank Transfer,72.73,3506.83,1,8,0,0,879.37,0.0196078431372549,68.76137254901961,1.0577159428885916,8
CUST-1403,43,Month-to-Month,Credit Card,108.64,4553.34,2,41,1,1,205.27,0.046511627906976744,105.89162790697675,1.025954574005016,82
CUST-1404,12,Month-to-Month,Bank Transfer,103.79,1155.52,1,9,0,1,159.86,0.08333333333333333,96.29333333333334,1.077852395458322,9
CUST-1405,67,Two Year,Mailed Check,108.28,7037.0,2,12,0,0,1164.55,0.029850746268656716,105.02985074626865,1.0309450049737106,24
CUST-1406,65,Month-to-Month,Credit Card,112.2,7478.62,2,19,0,1,134.75,0.03076923076923077,115.05569230769231,0.9751799128716261,38
CUST-1407,33,Month-to-Month,Bank Transfer,30.45,1035.89,3,28,0,1,32.43,0.09090909090909091,31.390606060606064,0.970035428472135,84
CUST-1408,40,Month-to-Month,Electronic Check,32.87,1193.04,1,3,0,1,43.83,0.025,29.826,1.1020586065848588,3
CUST-1409,43,One Year,Electronic Check,75.7,3008.15,0,27,0,0,1019.81,0.0,69.95697674418605,1.0820936455961305,27
CUST-1410,44,Two Year,Credit Card,109.4,4531.01,5,36,0,1,129.32,0.11363636363636363,102.9775,1.0623679930081813,180
CUST-1411,29,Month-to-Month,Electronic Check,117.43,3368.79,1,12,0,1,138.93,0.034482758620689655,116.1651724137931,1.0108881824037712,12
CUST-1412,13,Month-to-Month,Electronic Check,24.63,305.51,2,2,0,1,32.2,0.15384615384615385,23.50076923076923,1.0480508003011357,4
CUST-1413,12,One Year,Bank Transfer,55.58,684.71,1,36,0,1,80.7,0.08333333333333333,57.05916666666667,0.9740766163777365,36
CUST-1414,46,Two Year,Credit Card,41.29,1913.59,2,18,0,0,429.96,0.043478260869565216,41.59978260869565,0.9925532637607848,36
CUST-1415,2,Month-to-Month,Electronic Check,95.6,174.96,2,27,0,1,141.32,1.0,87.48,1.0928212162780062,54
CUST-1416,35,Month-to-Month,Mailed Check,84.02,2922.13,0,18,1,1,153.39,0.0,83.48942857142858,1.0063549534072747,18
CUST-1417,8,Month-to-Month,Electronic Check,31.99,234.67,4,16,1,1,42.69,0.5,29.33375,1.0905526910129117,64
CUST-1418,26,Two Year,Bank Transfer,68.35,1667.37,2,17,0,0,792.86,0.07692307692307693,64.12961538461538,1.0658102280837487,34
CUST-1419,34,Month-to-Month,Electronic Check,88.54,2789.64,3,17,1,1,53.55,0.08823529411764706,82.04823529411765,1.0791213203137324,51
CUST-1420,7,Month-to-Month,Electronic Check,97.9,634.56,0,22,0,1,68.52,0.0,90.65142857142857,1.0799609178013112,22
CUST-1421,68,One Year,Credit Card,22.01,1485.39,2,39,1,0,228.21,0.029411764705882353,21.843970588235294,1.0076006974599265,78
CUST-1422,58,One Year,Mailed Check,109.05,6227.12,1,8,0,1,119.25,0.017241379310344827,107.36413793103448,1.0157022829173037,8
CUST-1423,29,Month-to-Month,Bank Transfer,76.93,2066.78,3,28,0,1,130.64,0.10344827586206896,71.26827586206898,1.0794424176738695,84
CUST-1424,36,Two Year,Mailed Check,101.19,3819.61,1,41,1,0,1354.06,0.027777777777777776,106.10027777777778,0.9537204060100377,41
CUST-1425,21,Month-to-Month,Electronic Check,100.79,2038.86,7,28,1,1,183.78,0.3333333333333333,97.08857142857143,1.0381242459021218,196
CUST-1426,36,One Year,Bank Transfer,38.99,1283.71,1,1,0,0,450.85,0.027777777777777776,35.658611111111114,1.093424527346519,1
CUST-1427,10,Month-to-Month,Electronic Check,31.02,284.79,1,16,0,1,22.38,0.1,28.479000000000003,1.089223638470452,16
CUST-1428,24,One Year,Electronic Check,92.13,2183.67,2,44,1,1,100.63,0.08333333333333333,90.98625,1.0125705807196141,88
CUST-1429,64,Month-to-Month,Electronic Check,35.64,2387.85,3,30,1,1,53.37,0.046875,37.31015625,0.9552358816508575,90
CUST-1430,49,Two Year,Bank Transfer,104.99,5071.42,4,27,1,1,100.6,0.08163265306122448,103.49836734693878,1.0144121370345978,108
CUST-1431,36,One Year,Credit Card,92.62,3475.55,1,42,0,1,83.41,0.027777777777777776,96.54305555555555,0.9593647048668557,42
CUST-1432,24,One Year,Credit Card,104.18,2416.86,1,38,0,1,179.25,0.041666666666666664,100.7025,1.0345324098210076,38
CUST-1433,23,One Year,Mailed Check,49.9,1107.96,1,29,0,1,98.33,0.043478260869565216,48.17217391304348,1.0358677208563485,29
CUST-1434,62,One Year,Electronic Check,51.66,3122.85,0,34,0,0,623.9,0.0,50.36854838709677,1.0256400403477592,34
CUST-1435,37,Month-to-Month,Mailed Check,87.12,3238.31,1,19,0,1,111.99,0.02702702702702703,87.5218918918919,0.99540809866875,19
CUST-1436,12,Month-to-Month,Credit Card,23.14,265.22,4,15,1,1,26.93,0.3333333333333333,22.10166666666667,1.046979865771812,60
CUST-1437,55,Two Year,Electronic Check,92.65,5246.5,2,33,0,0,1064.98,0.03636363636363636,95.39090909090909,0.9712665586581531,66
CUST-1438,13,Month-to-Month,Credit Card,103.58,1217.8,3,13,1,1,123.7,0.23076923076923078,93.67692307692307,1.1057152241747414,39
CUST-1439,23,One Year,Electronic Check,61.52,1366.8,1,25,0,1,77.17,0.043478260869565216,59.426086956521736,1.0352355867720224,25
CUST-1440,30,Two Year,Credit Card,96.49,2827.11,1,19,0,0,1074.83,0.03333333333333333,94.23700000000001,1.023907806912359,19
CUST-1441,17,Month-to-Month,Credit Card,37.46,631.12,1,41,0,1,69.51,0.058823529411764705,37.12470588235294,1.0090315629357334,41
CUST-1442,62,One Year,Credit Card,52.23,3048.53,4,23,0,1,85.23,0.06451612903225806,49.16983870967742,1.0622365533552236,92
CUST-1443,13,Month-to-Month,Electronic Check,117.43,1471.82,4,42,1,1,178.67,0.3076923076923077,113.21692307692307,1.0372124308679052,168
CUST-1444,59,One Year,Electronic Check,118.63,6807.96,1,17,0,0,1294.94,0.01694915254237288,115.38915254237288,1.0280862402246782,17
CUST-1445,19,Month-to-Month,Electronic Check,71.26,1358.05,0,42,0,1,66.03,0.0,71.47631578947369,0.9969736018556018,42
CUST-1446,49,Month-to-Month,Electronic Check,113.43,5647.17,3,8,0,1,70.52,0.061224489795918366,115.24836734693878,0.9842221856257205,24
CUST-1447,12,One Year,Electronic Check,72.27,876.5,2,18,0,0,874.54,0.16666666666666666,73.04166666666667,0.9894352538505418,36
CUST-1448,61,Two Year,Mailed Check,49.16,2852.53,3,19,1,0,523.28,0.04918032786885246,46.7627868852459,1.0512632645406008,57
CUST-1449,19,One Year,Mailed Check,46.69,931.39,1,41,0,1,63.86,0.05263157894736842,49.020526315789475,0.9524581539419577,41
CUST-1450,9,Month-to-Month,Bank Transfer,112.95,1044.3,1,29,1,1,66.44,0.1111111111111111,116.03333333333333,0.9734271760988222,29
CUST-1451,71,Month-to-Month,Bank Transfer,37.24,2482.76,1,25,1,1,62.22,0.014084507042253521,34.968450704225354,1.0649599639111311,25
CUST-1452,28,One Year,Electronic Check,77.96,2028.48,1,30,0,1,47.6,0.03571428571428571,72.44571428571429,1.076116106641426,30
CUST-1453,52,Month-to-Month,Credit Card,75.55,3720.79,2,34,0,1,98.97,0.038461538461538464,71.55365384615385,1.0558510423861598,68
CUST-1454,16,Two Year,Electronic Check,93.96,1455.03,2,2,1,0,1213.33,0.125,90.939375,1.0332158099832993,4
CUST-1455,69,Two Year,Mailed Check,69.92,4957.73,0,39,1,0,942.1,0.0,71.85115942028985,0.9731227799819677,39
CUST-1456,12,One Year,Mailed Check,47.23,576.26,1,28,0,1,55.59,0.08333333333333333,48.02166666666667,0.9835143858674903,28
CUST-1457,25,Two Year,Credit Card,36.94,949.07,0,5,0,0,472.38,0.0,37.9628,0.9730578355653429,5
CUST-1458,52,Month-to-Month,Electronic Check,82.08,4015.46,2,0,0,1,77.86,0.038461538461538464,77.22038461538462,1.0629317687139206,0
CUST-1459,53,One Year,Mailed Check,91.9,4817.22,0,23,0,1,99.35,0.0,90.89094339622642,1.0111018388199002,23
CUST-1460,23,Month-to-Month,Bank Transfer,76.95,1668.06,3,37,0,1,147.8,0.13043478260869565,72.52434782608695,1.0610229847847201,111
CUST-1461,16,Two Year,Electronic Check,93.84,1375.85,2,33,0,1,75.26,0.125,85.990625,1.091281753098085,66
CUST-1462,57,Month-to-Month,Bank Transfer,34.15,1951.67,2,6,0,1,46.71,0.03508771929824561,34.23982456140351,0.9973766056761645,12
CUST-1463,39,One Year,Credit Card,108.25,3890.13,4,10,0,1,117.21,0.10256410256410256,99.74692307692308,1.085246508471439,40
CUST-1464,53,Two Year,Credit Card,78.24,4147.36,2,10,0,0,1035.26,0.03773584905660377,78.2520754716981,0.9998456849658578,20
CUST-1465,42,Month-to-Month,Electronic Check,32.68,1368.71,1,35,1,1,22.68,0.023809523809523808,32.58833333333333,1.0028128675906511,35
CUST-1466,58,Month-to-Month,Electronic Check,66.19,3921.7,0,19,0,1,76.5,0.0,67.61551724137931,0.97891730627024,19
CUST-1467,39,One Year,Electronic Check,104.48,3752.54,1,15,1,0,1299.04,0.02564102564102564,96.21897435897436,1.0858565131884004,15
CUST-1468,14,Month-to-Month,Electronic Check,109.76,1563.57,1,4,0,1,121.89,0.07142857142857142,111.68357142857143,0.9827765945880262,4
CUST-1469,5,Month-to-Month,Electronic Check,46.46,243.89,1,23,1,1,27.31,0.2,48.778,0.9524785764073969,23
CUST-1470,35,Month-to-Month,Electronic Check,91.13,3277.76,0,29,0,1,141.95,0.0,93.65028571428572,0.9730883286146637,29
CUST-1471,18,Month-to-Month,Credit Card,30.0,546.9,1,29,0,1,37.64,0.05555555555555555,30.383333333333333,0.9873834339001646,29
CUST-1472,9,Two Year,Credit Card,23.35,210.01,4,38,0,1,12.07,0.4444444444444444,23.334444444444443,1.0006666349221467,152
CUST-1473,58,One Year,Electronic Check,76.04,4248.32,1,36,0,0,1022.31,0.017241379310344827,73.24689655172413,1.0381327206990059,36
CUST-1474,17,Month-to-Month,Electronic Check,89.48,1535.73,2,32,1,1,168.21,0.11764705882352941,90.33705882352942,0.990512655219342,64
CUST-1475,7,Month-to-Month,Mailed Check,99.58,703.07,0,19,0,1,66.37,0.0,100.43857142857144,0.9914517757833501,19
CUST-1476,46,Month-to-Month,Electronic Check,54.02,2471.81,0,21,1,1,74.87,0.0,53.735,1.0053038057132224,21
CUST-1477,13,Month-to-Month,Bank Transfer,20.65,273.67,2,40,0,1,32.9,0.15384615384615385,21.051538461538463,0.9809259326926589,80
CUST-1478,40,Month-to-Month,Bank Transfer,67.95,2629.16,2,20,0,1,41.19,0.05,65.729,1.0337902600069986,40
CUST-1479,42,Month-to-Month,Credit Card,21.59,832.59,0,36,0,1,11.53,0.0,19.82357142857143,1.089107483875617,36
CUST-1480,9,Month-to-Month,Bank Transfer,29.2,258.56,4,26,1,1,34.93,0.4444444444444444,28.72888888888889,1.0163985148514851,104
CUST-1481,50,One Year,Mailed Check,52.67,2474.85,1,37,0,0,650.33,0.02,49.497,1.0641048952461765,37
CUST-1482,27,Month-to-Month,Bank Transfer,63.72,1647.61,2,34,1,1,47.22,0.07407407407407407,61.02259259259259,1.0442034219263054,68
CUST-1483,66,One Year,Electronic Check,47.95,2856.5,0,37,0,0,638.57,0.0,43.28030303030303,1.1078942762121478,37
CUST-1484,5,One Year,Mailed Check,78.19,374.3,1,39,1,1,116.1,0.2,74.86,1.0444830349986642,39
CUST-1485,29,One Year,Mailed Check,25.53,756.15,0,5,0,0,273.03,0.0,26.074137931034482,0.9791311247768301,5
CUST-1486,37,One Year,Electronic Check,34.46,1251.32,2,31,0,0,426.07,0.05405405405405406,33.81945945945946,1.0189399993606751,62
CUST-1487,38,Month-to-Month,Electronic Check,89.53,3066.93,2,15,0,1,174.44,0.05263157894736842,80.70868421052631,1.109298223304738,30
CUST-1488,8,Two Year,Electronic Check,34.21,265.6,5,27,0,1,28.21,0.625,33.2,1.030421686746988,135
CUST-1489,65,One Year,Credit Card,83.98,5151.47,1,15,0,0,895.7,0.015384615384615385,79.25338461538462,1.0596392874266958,15
CUST-1490,17,Month-to-Month,Electronic Check,25.47,420.71,3,26,0,1,36.59,0.17647058823529413,24.747647058823528,1.0291887523472225,78
CUST-1491,71,Two Year,Electronic Check,60.74,4143.07,3,2,0,0,630.25,0.04225352112676056,58.35309859154929,1.0409044500817028,6
CUST-1492,45,One Year,Electronic Check,37.74,1765.89,5,20,0,1,21.33,0.1111111111111111,39.242000000000004,0.9617246827378828,100
CUST-1493,4,Month-to-Month,Bank Transfer,30.96,112.22,5,37,0,1,16.11,1.25,28.055,1.103546604883265,185
CUST-1494,36,Month-to-Month,Electronic Check,76.7,2768.21,2,37,0,1,75.71,0.05555555555555555,76.89472222222223,0.9974676776689629,74
CUST-1495,70,Month-to-Month,Credit Card,112.83,8116.51,1,29,0,1,68.93,0.014285714285714285,115.95014285714286,0.9730906510310465,29
CUST-1496,31,Two Year,Credit Card,25.48,824.54,0,21,1,0,264.27,0.0,26.598064516129032,0.9579644407791011,21
CUST-1497,19,One Year,Mailed Check,62.16,1094.41,1,18,1,1,124.07,0.05263157894736842,57.60052631578948,1.0791568059502379,18
CUST-1498,61,Two Year,Bank Transfer,90.75,5423.35,1,30,0,0,1250.53,0.01639344262295082,88.90737704918034,1.0207251975255145,30
CUST-1499,54,One Year,Electronic Check,66.27,3244.12,0,19,1,0,757.62,0.0,60.07629629629629,1.103097296030973,19
CUST-1500,39,Month-to-Month,Electronic Check,100.65,3826.74,0,18,1,1,54.21,0.0,98.12153846153845,1.0257686699383812,18
CUST-1501,19,Month-to-Month,Bank Transfer,37.96,662.69,2,1,0,1,26.61,0.10526315789473684,34.87842105263158,1.0883520197980956,2
CUST-1502,39,One Year,Electronic Check,115.96,4638.6,2,39,0,0,1464.3,0.05128205128205128,118.93846153846155,0.9749579614538868,78
CUST-1503,67,One Year,Electronic Check,58.52,3595.73,1,38,1,1,63.82,0.014925373134328358,53.66761194029851,1.0904155762529446,38
CUST-1504,45,Two Year,Mailed Check,54.16,2381.13,1,26,0,0,572.19,0.022222222222222223,52.914,1.0235476433458064,26
CUST-1505,13,Month-to-Month,Electronic Check,107.46,1366.48,1,7,1,1,117.53,0.07692307692307693,105.11384615384615,1.0223201217727298,7
CUST-1506,58,Month-to-Month,Credit Card,76.39,4633.31,2,44,1,1,95.06,0.034482758620689655,79.8846551724138,0.9562537365296083,88
CUST-1507,20,One Year,Electronic Check,71.64,1430.29,2,26,0,0,858.01,0.1,71.5145,1.001754888868691,52
CUST-1508,61,One Year,Bank Transfer,92.7,5333.38,1,14,0,1,46.37,0.01639344262295082,87.43245901639344,1.0602469728389878,14
CUST-1509,39,One Year,Mailed Check,77.98,2846.95,2,11,0,0,1024.55,0.05128205128205128,72.99871794871794,1.0682379388468364,22
CUST-1510,1,One Year,Bank Transfer,36.25,33.32,1,13,0,0,459.25,1.0,33.32,1.087935174069628,13
CUST-1511,3,Month-to-Month,Electronic Check,87.42,265.79,2,6,0,1,170.15,0.6666666666666666,88.59666666666668,0.9867188381805183,12
CUST-1512,62,One Year,Mailed Check,33.35,2075.17,1,16,0,0,442.65,0.016129032258064516,33.47048387096774,0.9964002949155973,16
CUST-1513,63,One Year,Credit Card,100.59,6283.19,1,25,0,0,1352.14,0.015873015873015872,99.7331746031746,1.0085911774114742,25
CUST-1514,25,Two Year,Mailed Check,118.97,2695.05,1,36,0,0,1380.05,0.04,107.802,1.1035973358564775,36
CUST-1515,56,Two Year,Electronic Check,57.74,3280.08,2,19,0,0,624.96,0.03571428571428571,58.57285714285714,0.9857808346137901,38
CUST-1516,33,Month-to-Month,Mailed Check,64.48,2119.93,1,9,0,1,73.24,0.030303030303030304,64.24030303030302,1.003731255277297,9
CUST-1517,38,Month-to-Month,Bank Transfer,24.64,978.06,4,18,0,1,41.16,0.10526315789473684,25.738421052631576,0.9573236815737277,72
CUST-1518,6,Two Year,Mailed Check,21.37,126.69,0,17,0,0,289.44,0.0,21.115,1.0120767227089749,17
CUST-1519,58,Month-to-Month,Credit Card,112.14,6150.25,1,29,0,1,172.1,0.017241379310344827,106.03879310344827,1.0575374984756718,29
CUST-1520,44,Two Year,Electronic Check,32.86,1384.0,3,29,1,1,20.39,0.06818181818181818,31.454545454545453,1.0446820809248556,87
CUST-1521,45,Month-to-Month,Mailed Check,64.58,2692.14,5,24,0,1,55.2,0.1111111111111111,59.82533333333333,1.0794758073502864,120
CUST-1522,32,One Year,Bank Transfer,101.54,3276.69,1,23,0,0,1318.91,0.03125,102.3965625,0.9916348510234414,23
CUST-1523,45,Two Year,Bank Transfer,108.93,4932.04,0,9,1,0,1267.35,0.0,109.60088888888889,0.993878800658551,9
CUST-1524,61,Two Year,Credit Card,71.94,4081.58,2,1,0,0,990.63,0.03278688524590164,66.9111475409836,1.0751571695274869,2
CUST-1525,47,Month-to-Month,Credit Card,76.5,3321.43,0,37,1,1,42.89,0.0,70.66872340425532,1.0825156634341233,37
CUST-1526,21,One Year,Mailed Check,86.97,1664.83,2,31,0,1,120.14,0.09523809523809523,79.27761904761904,1.0970309280827473,62
CUST-1527,36,Month-to-Month,Electronic Check,116.14,4334.89,0,34,1,1,118.38,0.0,120.41361111111112,0.9645089033401077,34
CUST-1528,19,Month-to-Month,Electronic Check,80.27,1425.94,0,36,1,1,88.98,0.0,75.04947368421053,1.0695611316044153,36
CUST-1529,20,One Year,Bank Transfer,75.95,1445.52,2,6,0,0,899.38,0.1,72.276,1.0508329182577896,12
CUST-1530,57,One Year,Credit Card,21.45,1151.83,1,6,0,0,270.9,0.017543859649122806,20.20754385964912,1.0614847677174584,6
CUST-1531,18,Two Year,Electronic Check,28.09,486.43,2,26,1,0,356.03,0.1111111111111111,27.02388888888889,1.039450691774767,52
CUST-1532,47,Month-to-Month,Electronic Check,77.72,3678.8,2,9,1,1,81.32,0.0425531914893617,78.27234042553192,0.9929433510927476,18
CUST-1533,49,Month-to-Month,Electronic Check,113.62,5737.68,2,32,1,1,86.05,0.04081632653061224,117.09551020408163,0.9703190139568606,64
CUST-1534,14,Month-to-Month,Credit Card,106.67,1384.95,3,42,0,1,148.29,0.21428571428571427,98.925,1.0782916350770786,126
CUST-1535,15,Month-to-Month,Electronic Check,118.26,1779.15,2,6,1,1,197.25,0.13333333333333333,118.61,0.9970491526852711,12
CUST-1536,31,Month-to-Month,Mailed Check,72.78,2149.88,1,5,0,1,70.49,0.03225806451612903,69.35096774193549,1.0494446201648464,5
CUST-1537,1,One Year,Mailed Check,98.79,103.44,2,5,0,1,53.23,2.0,103.44,0.9550464037122971,10
CUST-1538,54,Month-to-Month,Credit Card,104.04,5308.25,1,12,0,1,85.47,0.018518518518518517,98.30092592592592,1.058382706164932,12
CUST-1539,3,Two Year,Bank Transfer,84.8,229.23,2,12,0,1,129.2,0.6666666666666666,76.41,1.1098023818871876,24
CUST-1540,16,Two Year,Bank Transfer,53.87,842.39,4,1,1,1,106.86,0.25,52.649375,1.023184035897862,4
CUST-1541,57,One Year,Electronic Check,67.0,3523.45,0,18,0,0,803.52,0.0,61.81491228070175,1.0838808554115995,18
CUST-1542,12,Two Year,Mailed Check,105.79,1151.0,3,18,0,1,101.48,0.25,95.91666666666667,1.102936576889661,54
CUST-1543,16,One Year,Bank Transfer,49.85,801.38,1,37,1,1,29.56,0.0625,50.08625,0.9952831365893834,37
CUST-1544,24,Month-to-Month,Credit Card,112.37,2723.41,2,1,1,1,109.51,0.08333333333333333,113.47541666666666,0.9902585361734003,2
CUST-1545,28,Month-to-Month,Electronic Check,42.98,1166.26,1,25,0,1,47.66,0.03571428571428571,41.652142857142856,1.0318796837754873,25
CUST-1546,8,Month-to-Month,Electronic Check,94.95,760.76,1,5,0,1,178.63,0.125,95.095,0.9984752090015249,5
CUST-1547,36,One Year,Electronic Check,83.06,2932.56,5,19,0,1,51.57,0.1388888888888889,81.46,1.0196415418610363,95
CUST-1548,8,Two Year,Electronic Check,94.96,755.48,2,22,0,1,158.17,0.25,94.435,1.0055593794673585,44
CUST-1549,58,Month-to-Month,Credit Card,63.73,3657.55,0,14,0,0,871.94,0.0,63.061206896551724,1.0106054599390302,14
CUST-1550,60,Two Year,Electronic Check,113.26,6794.74,2,5,0,0,1205.94,0.03333333333333333,113.24566666666666,1.000126568492687,10
CUST-1551,50,One Year,Mailed Check,83.25,3870.89,0,27,0,1,105.74,0.0,77.4178,1.0753340962931006,27
CUST-1552,28,Month-to-Month,Electronic Check,48.83,1285.62,3,34,1,1,27.29,0.10714285714285714,45.915,1.0634868779266036,102
CUST-1553,41,Two Year,Electronic Check,83.85,3320.94,0,10,0,0,952.23,0.0,80.99853658536585,1.0352038880557914,10
CUST-1554,64,Month-to-Month,Mailed Check,48.68,3012.46,1,7,0,1,30.38,0.015625,47.0696875,1.0342112426389063,7
CUST-1555,27,Month-to-Month,Electronic Check,49.36,1354.26,1,23,0,1,68.93,0.037037037037037035,50.157777777777774,0.984094634708254,23
CUST-1556,63,One Year,Electronic Check,59.96,3607.91,2,20,0,0,769.24,0.031746031746031744,57.268412698412696,1.0469995094112658,40
CUST-1557,17,Month-to-Month,Bank Transfer,105.24,1653.78,2,35,0,1,65.21,0.11764705882352941,97.28117647058824,1.0818125748285745,70
CUST-1558,33,One Year,Mailed Check,70.03,2167.06,2,6,0,0,943.53,0.06060606060606061,65.66848484848485,1.0664171734977341,12
CUST-1559,29,Month-to-Month,Electronic Check,87.89,2376.03,1,4,0,1,152.62,0.034482758620689655,81.93206896551725,1.0727179370630842,4
CUST-1560,13,Month-to-Month,Credit Card,59.2,777.1,0,28,0,1,117.19,0.0,59.776923076923076,0.9903487324668641,28
CUST-1561,46,Two Year,Bank Transfer,46.36,2069.76,2,15,0,0,551.98,0.043478260869565216,44.99478260869566,1.0303416821273963,30
CUST-1562,35,Month-to-Month,Bank Transfer,115.46,4066.54,3,5,0,1,105.93,0.08571428571428572,116.18685714285714,0.9937440674381661,15
CUST-1563,6,Month-to-Month,Electronic Check,80.36,464.05,3,13,1,1,124.51,0.5,77.34166666666667,1.0390259670294149,39
CUST-1564,69,Month-to-Month,Electronic Check,113.4,8086.41,0,1,0,1,176.75,0.0,117.19434782608695,0.9676234571336354,1
CUST-1565,47,Two Year,Electronic Check,40.34,1986.09,3,24,0,1,62.52,0.06382978723404255,42.257234042553186,0.9546294478095154,72
CUST-1566,25,Month-to-Month,Electronic Check,34.69,867.66,3,30,0,1,61.8,0.12,34.7064,0.999527464675103,90
CUST-1567,66,Month-to-Month,Mailed Check,105.58,7174.35,1,12,1,1,66.63,0.015151515151515152,108.70227272727273,0.9712768404106296,12
CUST-1568,10,Month-to-Month,Credit Card,88.09,859.93,2,17,1,1,58.37,0.2,85.993,1.024385705813264,34
CUST-1569,56,Month-to-Month,Mailed Check,38.66,2251.98,1,16,0,1,56.48,0.017857142857142856,40.213928571428575,0.9613584490093161,16
CUST-1570,30,Two Year,Electronic Check,46.94,1443.04,2,44,1,0,480.69,0.06666666666666667,48.10133333333333,0.975856525113649,88
CUST-1571,5,One Year,Mailed Check,100.07,524.75,2,27,0,1,119.96,0.4,104.95,0.9535016674606954,54
CUST-1572,33,Month-to-Month,Electronic Check,65.39,2143.77,1,11,1,0,743.08,0.030303030303030304,64.96272727272728,1.0065771981136036,11
CUST-1573,65,One Year,Bank Transfer,87.05,5753.77,5,34,0,1,166.02,0.07692307692307693,88.51953846153847,0.9833987107583374,170
CUST-1574,18,Month-to-Month,Mailed Check,51.84,915.79,2,21,0,1,96.13,0.1111111111111111,50.87722222222222,1.018923552342786,42
CUST-1575,49,Two Year,Bank Transfer,58.12,2673.78,3,38,0,0,614.73,0.061224489795918366,54.56693877551021,1.0651138089147199,114
CUST-1576,11,Two Year,Credit Card,119.07,1248.49,2,0,0,0,1621.66,0.18181818181818182,113.49909090909091,1.0490832926174818,0
CUST-1577,26,Month-to-Month,Electronic Check,44.76,1203.45,1,36,0,1,77.43,0.038461538461538464,46.28653846153846,0.9670198180231833,36
CUST-1578,63,Two Year,Mailed Check,70.65,4043.21,0,20,0,0,826.02,0.0,64.17793650793651,1.1008456152413553,20
CUST-1579,59,One Year,Credit Card,104.44,6092.47,3,0,0,1,56.04,0.05084745762711865,103.26220338983052,1.011405882999834,0
CUST-1580,27,Month-to-Month,Bank Transfer,43.92,1133.51,1,3,0,1,30.67,0.037037037037037035,41.98185185185185,1.0461663328951665,3
CUST-1581,49,Month-to-Month,Mailed Check,61.52,2887.88,1,31,0,1,43.15,0.02040816326530612,58.93632653061225,1.043838386636564,31
CUST-1582,33,Month-to-Month,Credit Card,81.51,2777.75,1,0,1,1,43.63,0.030303030303030304,84.17424242424242,0.9683484834848349,0
CUST-1583,1,One Year,Electronic Check,68.12,70.03,1,12,1,0,862.04,1.0,70.03,0.9727259745823219,12
CUST-1584,21,Two Year,Credit Card,65.95,1370.86,0,16,1,0,716.46,0.0,65.27904761904762,1.0102782195118394,16
CUST-1585,55,One Year,Electronic Check,56.25,2911.03,1,11,1,0,651.17,0.01818181818181818,52.92781818181818,1.0627681610976183,11
CUST-1586,6,Two Year,Mailed Check,78.66,458.42,0,6,1,0,909.12,0.0,76.40333333333334,1.0295362331486408,6
CUST-1587,69,One Year,Credit Card,82.44,5467.9,1,2,0,0,911.5,0.014492753623188406,79.24492753623188,1.0403189524314636,2
CUST-1588,5,Two Year,Electronic Check,85.33,406.62,1,25,0,1,105.17,0.2,81.324,1.049259751118981,25
CUST-1589,3,One Year,Mailed Check,27.04,74.26,4,30,0,1,19.28,1.3333333333333333,24.753333333333334,1.0923781308914624,120
CUST-1590,53,Month-to-Month,Electronic Check,83.1,4322.68,1,35,0,1,151.8,0.018867924528301886,81.56,1.0188818048062775,35
CUST-1591,23,One Year,Credit Card,115.32,2507.21,2,25,1,1,116.24,0.08695652173913043,109.0091304347826,1.0578930364827837,50
CUST-1592,53,Two Year,Credit Card,74.1,3923.85,3,2,0,0,760.61,0.05660377358490566,74.03490566037736,1.0008792385030008,6
CUST-1593,37,Month-to-Month,Bank Transfer,91.53,3210.1,3,43,1,1,85.66,0.08108108108108109,86.75945945945946,1.0549858259867293,129
CUST-1594,17,Two Year,Mailed Check,75.67,1240.95,1,27,0,1,94.6,0.058823529411764705,72.99705882352941,1.036617107860913,27
CUST-1595,1,Month-to-Month,Credit Card,105.47,95.75,2,43,1,1,181.87,2.0,95.75,1.101514360313316,86
CUST-1596,51,Month-to-Month,Electronic Check,112.96,6042.56,4,16,0,1,83.04,0.0784313725490196,118.48156862745098,0.9533972356087486,64
CUST-1597,45,Two Year,Mailed Check,38.42,1687.65,5,37,0,0,448.83,0.1111111111111111,37.50333333333334,1.0244422717980624,185
CUST-1598,4,Month-to-Month,Bank Transfer,63.69,230.21,1,29,1,1,38.55,0.25,57.5525,1.1066417618695972,29
CUST-1599,62,Month-to-Month,Electronic Check,59.24,3603.77,2,1,0,1,77.07,0.03225806451612903,58.12532258064516,1.0191771394955838,2
CUST-1600,65,Month-to-Month,Electronic Check,60.52,4053.99,3,7,0,1,113.42,0.046153846153846156,62.36907692307692,0.9703526649054389,21
CUST-1601,32,Two Year,Electronic Check,32.55,1058.14,2,13,0,0,378.68,0.0625,33.066875,0.984368798079649,26
CUST-1602,34,Month-to-Month,Electronic Check,101.36,3463.94,2,36,0,1,85.97,0.058823529411764705,101.88058823529411,0.9948902117242215,72
CUST-1603,39,Two Year,Credit Card,23.58,846.9,3,34,0,1,16.88,0.07692307692307693,21.715384615384615,1.08586609989373,102
CUST-1604,26,Month-to-Month,Mailed Check,72.82,1890.78,1,41,0,1,115.54,0.038461538461538464,72.7223076923077,1.0013433609409872,41
CUST-1605,34,Two Year,Bank Transfer,86.19,2974.26,1,38,0,0,972.96,0.029411764705882353,87.47823529411765,0.9852736478989731,38
CUST-1606,54,Two Year,Electronic Check,40.75,2169.39,4,10,0,0,542.43,0.07407407407407407,40.17388888888889,1.0143404367126243,40
CUST-1607,3,Month-to-Month,Electronic Check,110.59,343.02,1,14,0,1,187.4,0.3333333333333333,114.33999999999999,0.9672030785376947,14
CUST-1608,50,Month-to-Month,Electronic Check,103.85,4888.99,0,1,1,1,139.2,0.0,97.7798,1.0620803069754694,1
CUST-1609,12,Month-to-Month,Bank Transfer,67.11,754.04,3,36,1,1,52.48,0.25,62.836666666666666,1.0680070022810462,108
CUST-1610,65,One Year,Bank Transfer,61.11,4093.04,3,42,0,1,75.2,0.046153846153846156,62.969846153846156,0.9704644958270625,126
CUST-1611,54,Month-to-Month,Credit Card,43.66,2343.05,2,31,0,1,82.16,0.037037037037037035,43.38981481481482,1.0062269264420305,62
CUST-1612,5,Month-to-Month,Bank Transfer,93.0,418.6,2,39,0,1,132.6,0.4,83.72,1.1108456760630674,78
CUST-1613,57,Month-to-Month,Mailed Check,33.17,1801.77,1,12,1,1,52.48,0.017543859649122806,31.61,1.0493514710534642,12
CUST-1614,17,Month-to-Month,Bank Transfer,88.02,1539.25,2,42,1,1,88.41,0.11764705882352941,90.54411764705883,0.9721227870716257,84
CUST-1615,47,Month-to-Month,Credit Card,104.25,4429.85,2,16,1,1,81.6,0.0425531914893617,94.25212765957447,1.1060758264952537,32
CUST-1616,23,One Year,Bank Transfer,42.85,887.48,3,14,0,1,37.86,0.13043478260869565,38.58608695652174,1.110503898679407,42
CUST-1617,14,Two Year,Electronic Check,106.64,1406.65,4,32,0,1,138.61,0.2857142857142857,100.47500000000001,1.0613585469022144,128
CUST-1618,66,Month-to-Month,Mailed Check,23.33,1596.91,2,15,0,1,21.47,0.030303030303030304,24.19560606060606,0.9642246588724473,30
CUST-1619,51,One Year,Bank Transfer,111.28,5875.17,4,12,0,1,146.1,0.0784313725490196,115.19941176470589,0.9659771547036086,48
CUST-1620,38,Month-to-Month,Bank Transfer,31.84,1183.08,1,21,0,1,49.72,0.02631578947368421,31.133684210526315,1.0226865469790716,21
CUST-1621,64,Two Year,Electronic Check,84.58,5321.02,0,22,0,0,931.48,0.0,83.1409375,1.017308711487647,22
CUST-1622,38,Two Year,Credit Card,45.01,1624.52,3,35,1,0,501.5,0.07894736842105263,42.75052631578947,1.0528525349026174,105
CUST-1623,50,Two Year,Credit Card,103.66,4854.19,6,42,0,1,168.51,0.12,97.0838,1.0677373567989716,252
CUST-1624,30,Two Year,Electronic Check,71.23,2184.52,2,9,1,0,810.17,0.06666666666666667,72.81733333333334,0.9782011608957574,18
CUST-1625,51,Month-to-Month,Credit Card,33.52,1565.82,0,16,0,1,17.36,0.0,30.702352941176468,1.0917730007280533,16
CUST-1626,63,Two Year,Electronic Check,77.1,4726.65,3,29,1,1,45.36,0.047619047619047616,75.02619047619046,1.0276411411887914,87
CUST-1627,52,One Year,Electronic Check,60.79,3145.78,2,12,1,0,704.54,0.038461538461538464,60.495769230769234,1.0048636586156692,24
CUST-1628,38,Month-to-Month,Electronic Check,86.14,2996.89,0,29,1,1,92.65,0.0,78.86552631578947,1.0922389543827102,29
CUST-1629,30,Two Year,Electronic Check,108.19,3174.1,3,29,1,1,77.81,0.1,105.80333333333333,1.022557575375697,87
CUST-1630,51,Month-to-Month,Credit Card,60.94,3066.38,0,6,1,1,34.53,0.0,60.125098039215686,1.0135534408651243,6
CUST-1631,5,One Year,Electronic Check,48.99,247.74,2,9,0,0,540.74,0.4,49.548,0.9887381932671349,18
CUST-1632,29,Month-to-Month,Electronic Check,21.45,581.76,1,34,0,1,41.53,0.034482758620689655,20.060689655172414,1.0692553630363035,34
CUST-1633,4,Month-to-Month,Electronic Check,77.48,292.56,5,1,1,1,123.3,1.25,73.14,1.0593382554006017,5
CUST-1634,10,One Year,Electronic Check,60.23,593.52,3,29,1,1,77.79,0.3,59.352,1.0147930988003775,87
CUST-1635,56,One Year,Electronic Check,57.46,3370.5,1,18,1,0,713.69,0.017857142857142856,60.1875,0.9546832814122533,18
CUST-1636,17,Month-to-Month,Bank Transfer,38.29,607.07,2,38,0,1,54.7,0.11764705882352941,35.71,1.0722486698403808,76
CUST-1637,17,Month-to-Month,Electronic Check,63.01,1122.46,0,36,0,1,100.09,0.0,66.02705882352942,0.9543057213620083,36
CUST-1638,69,Two Year,Credit Card,118.44,8230.8,2,2,1,0,1508.94,0.028985507246376812,119.28695652173911,0.9928998396267679,4
CUST-1639,34,Month-to-Month,Credit Card,49.78,1732.99,2,24,1,1,68.87,0.058823529411764705,50.97029411764706,0.9766472974454556,48
CUST-1640,6,Month-to-Month,Electronic Check,79.97,438.29,2,33,0,1,57.2,0.3333333333333333,73.04833333333333,1.0947546145246299,66
CUST-1641,53,Two Year,Credit Card,97.65,4891.13,0,21,0,1,108.07,0.0,92.28547169811321,1.058129716445893,21
CUST-1642,66,Two Year,Electronic Check,94.92,5692.5,0,37,0,0,1157.66,0.0,86.25,1.1005217391304347,37
CUST-1643,43,Month-to-Month,Electronic Check,52.88,2173.18,1,13,0,1,43.62,0.023255813953488372,50.53906976744186,1.0463192188405932,13
CUST-1644,23,One Year,Electronic Check,81.09,1953.09,1,38,0,1,49.65,0.043478260869565216,84.91695652173912,0.9549329523985071,38
CUST-1645,55,Two Year,Electronic Check,107.13,5395.98,0,1,0,0,1391.31,0.0,98.10872727272726,1.0919517863298234,1
CUST-1646,16,Two Year,Mailed Check,21.54,339.25,4,31,1,1,38.01,0.25,21.203125,1.015887988209285,124
CUST-1647,8,Month-to-Month,Bank Transfer,63.57,458.17,2,42,0,1,67.82,0.25,57.27125,1.1099810114149768,84
CUST-1648,4,Month-to-Month,Electronic Check,42.43,170.89,2,2,0,1,74.14,0.5,42.7225,0.9931534905494763,4
CUST-1649,4,Month-to-Month,Bank Transfer,58.86,218.86,1,40,1,1,87.39,0.25,54.715,1.075756191172439,40
CUST-1650,56,Month-to-Month,Electronic Check,61.6,3171.69,0,7,1,1,77.88,0.0,56.63732142857143,1.0876220563800372,7
CUST-1651,25,One Year,Bank Transfer,94.67,2249.72,0,25,1,1,80.97,0.0,89.9888,1.0520198069093043,25
CUST-1652,67,Month-to-Month,Electronic Check,29.38,1999.28,0,31,0,1,55.33,0.0,29.84,0.9845844504021447,31
CUST-1653,67,One Year,Electronic Check,71.26,4373.33,0,10,1,0,802.92,0.0,65.27358208955224,1.0917127223420142,10
CUST-1654,27,Month-to-Month,Electronic Check,76.42,1928.14,2,0,0,1,117.18,0.07407407407407407,71.4125925925926,1.0701193896708745,0
CUST-1655,32,Month-to-Month,Electronic Check,69.42,2002.12,4,14,1,1,99.4,0.125,62.56625,1.1095438834835076,56
CUST-1656,50,Two Year,Mailed Check,93.19,4870.4,0,3,0,0,1217.91,0.0,97.40799999999999,0.9566976018396848,3
CUST-1657,61,Month-to-Month,Credit Card,58.38,3521.37,1,3,0,1,50.23,0.01639344262295082,57.727377049180326,1.011305259032706,3
CUST-1658,51,Month-to-Month,Electronic Check,114.5,5886.13,3,27,0,1,131.22,0.058823529411764705,115.4143137254902,0.992077986724724,81
CUST-1659,19,Two Year,Bank Transfer,68.18,1292.45,1,9,0,1,123.35,0.05263157894736842,68.02368421052631,1.0022979612364116,9
CUST-1660,21,Month-to-Month,Bank Transfer,77.12,1492.64,2,10,1,1,135.36,0.09523809523809523,71.07809523809524,1.0850037517418802,20
CUST-1661,5,One Year,Credit Card,102.55,507.23,1,22,0,1,196.08,0.2,101.446,1.0108826370679969,22
CUST-1662,42,One Year,Electronic Check,47.52,1835.6,4,2,0,0,502.06,0.09523809523809523,43.7047619047619,1.0872957071257356,8
CUST-1663,61,Month-to-Month,Mailed Check,27.52,1611.88,3,38,0,1,29.74,0.04918032786885246,26.42426229508197,1.041467106732511,114
CUST-1664,22,Two Year,Credit Card,90.78,1967.89,0,38,0,1,47.94,0.0,89.44954545454546,1.0148737988403824,38
CUST-1665,21,Month-to-Month,Bank Transfer,68.3,1411.11,3,16,1,1,130.76,0.14285714285714285,67.19571428571427,1.0164338712077727,48
CUST-1666,70,Month-to-Month,Electronic Check,109.65,7045.04,1,21,1,1,109.0,0.014285714285714285,100.64342857142857,1.0894899106321612,21
CUST-1667,1,Month-to-Month,Electronic Check,118.27,107.05,4,26,1,1,130.84,4.0,107.05,1.1048108360579167,104
CUST-1668,5,Month-to-Month,Electronic Check,59.91,305.46,0,15,0,1,111.53,0.0,61.092,0.9806521312119426,15
CUST-1669,12,Two Year,Mailed Check,61.54,745.04,5,15,0,1,79.38,0.4166666666666667,62.086666666666666,0.9911951036185976,75
CUST-1670,46,Month-to-Month,Bank Transfer,60.8,2551.44,2,39,0,1,82.04,0.043478260869565216,55.46608695652174,1.0961653027310068,78
CUST-1671,34,Month-to-Month,Electronic Check,52.46,1639.37,3,2,0,1,40.1,0.08823529411764706,48.21676470588235,1.088003318347902,6
CUST-1672,49,Month-to-Month,Mailed Check,98.17,4973.34,3,32,0,1,122.52,0.061224489795918366,101.49673469387756,0.9672232342852087,96
CUST-1673,45,One Year,Mailed Check,95.9,4381.83,1,41,1,1,180.03,0.022222222222222223,97.374,0.9848624889600921,41
CUST-1674,27,Month-to-Month,Mailed Check,67.86,1922.78,2,1,0,1,90.8,0.07407407407407407,71.21407407407408,0.9529015279959225,2
CUST-1675,26,Month-to-Month,Bank Transfer,24.47,596.84,0,38,0,1,21.6,0.0,22.955384615384617,1.0659808323838884,38
CUST-1676,47,One Year,Credit Card,50.96,2330.86,0,26,0,0,564.95,0.0,49.59276595744681,1.0275692233767795,26
CUST-1677,56,Month-to-Month,Electronic Check,49.23,2578.98,1,14,0,1,49.45,0.017857142857142856,46.05321428571428,1.0689807598352836,14
CUST-1678,63,Month-to-Month,Credit Card,101.11,6328.02,4,6,1,1,137.4,0.06349206349206349,100.44476190476192,1.006622924706306,24
CUST-1679,48,Month-to-Month,Electronic Check,28.76,1266.33,4,44,0,1,16.22,0.08333333333333333,26.381874999999997,1.090142379948355,176
CUST-1680,61,Month-to-Month,Electronic Check,100.57,5638.38,2,41,0,1,142.28,0.03278688524590164,92.43245901639344,1.088037698771633,82
CUST-1681,26,Two Year,Electronic Check,86.92,2058.3,1,8,0,0,1068.07,0.038461538461538464,79.16538461538462,1.097954622746927,8
CUST-1682,36,Month-to-Month,Electronic Check,93.24,3370.19,3,40,1,1,156.19,0.08333333333333333,93.61638888888889,0.9959794551642488,120
CUST-1683,1,Month-to-Month,Electronic Check,63.22,61.58,1,5,1,1,34.35,1.0,61.58,1.0266320233842157,5
CUST-1684,8,Month-to-Month,Electronic Check,87.97,698.59,1,11,1,1,147.02,0.125,87.32375,1.0074006212513777,11
CUST-1685,52,One Year,Credit Card,80.9,4340.98,3,29,0,1,103.66,0.057692307692307696,83.48038461538461,0.969089929002207,87
CUST-1686,47,One Year,Electronic Check,96.9,4604.62,2,19,0,1,102.31,0.0425531914893617,97.97063829787234,0.9890718452337001,38
CUST-1687,56,Month-to-Month,Bank Transfer,64.68,3510.73,3,19,0,1,126.0,0.05357142857142857,62.691607142857144,1.03171705030008,57
CUST-1688,14,One Year,Electronic Check,67.28,986.81,0,26,1,1,49.8,0.0,70.48642857142856,0.9545099867249016,26
CUST-1689,28,One Year,Credit Card,84.36,2287.53,4,19,1,1,110.68,0.14285714285714285,81.6975,1.0325897365280454,76
CUST-1690,2,Two Year,Bank Transfer,30.81,56.5,1,6,1,0,401.94,0.5,28.25,1.0906194690265487,6
CUST-1691,26,Two Year,Electronic Check,63.62,1735.0,2,39,0,0,853.05,0.07692307692307693,66.73076923076923,0.9533832853025936,78
CUST-1692,14,Month-to-Month,Bank Transfer,117.2,1482.34,2,39,1,1,155.69,0.14285714285714285,105.88142857142857,1.1068985522889485,78
CUST-1693,59,Month-to-Month,Mailed Check,23.76,1377.28,2,29,0,1,15.07,0.03389830508474576,23.34372881355932,1.0178322490706322,58
CUST-1694,56,Month-to-Month,Bank Transfer,51.6,2734.61,1,7,1,1,76.97,0.017857142857142856,48.83232142857143,1.056677186143545,7
CUST-1695,7,Month-to-Month,Mailed Check,51.41,351.06,2,1,0,1,74.63,0.2857142857142857,50.151428571428575,1.0250954252834272,2
CUST-1696,3,Two Year,Bank Transfer,83.35,246.0,3,13,0,1,137.88,1.0,82.0,1.0164634146341462,39
CUST-1697,23,Month-to-Month,Bank Transfer,30.58,658.34,1,9,0,1,19.45,0.043478260869565216,28.623478260869568,1.0683537381899928,9
CUST-1698,18,Month-to-Month,Mailed Check,82.85,1466.74,2,17,0,1,78.37,0.1111111111111111,81.48555555555555,1.0167446173145889,34
CUST-1699,38,One Year,Electronic Check,29.5,1136.03,4,17,0,0,401.98,0.10526315789473684,29.89552631578947,0.9867697155884969,68
CUST-1700,15,Month-to-Month,Credit Card,29.5,415.94,2,15,1,1,20.8,0.13333333333333333,27.729333333333333,1.0638553637543877,30
CUST-1701,64,Month-to-Month,Electronic Check,92.82,5688.09,1,4,0,1,140.75,0.015625,88.87640625,1.044371660785958,4
CUST-1702,28,Month-to-Month,Mailed Check,52.41,1379.78,0,30,0,1,30.85,0.0,49.277857142857144,1.0635608575280115,30
CUST-1703,39,Month-to-Month,Electronic Check,117.74,4697.86,2,36,0,1,118.02,0.05128205128205128,120.45794871794871,0.9774365349329269,72
CUST-1704,57,One Year,Mailed Check,23.74,1365.02,2,19,0,0,320.03,0.03508771929824561,23.947719298245612,0.991326134415613,38
CUST-1705,17,Month-to-Month,Credit Card,64.51,1130.32,2,22,1,1,107.18,0.11764705882352941,66.48941176470588,0.9702296694741314,44
CUST-1706,44,Month-to-Month,Electronic Check,31.31,1275.02,2,31,0,1,45.94,0.045454545454545456,28.97772727272727,1.0804850119998117,62
CUST-1707,25,Month-to-Month,Electronic Check,55.14,1255.86,0,41,0,1,99.57,0.0,50.234399999999994,1.0976541971238833,41
CUST-1708,17,Month-to-Month,Bank Transfer,119.82,1869.72,2,16,1,1,187.39,0.11764705882352941,109.9835294117647,1.0894358513574225,32
CUST-1709,13,One Year,Credit Card,108.88,1308.08,1,12,1,0,1337.09,0.07692307692307693,100.62153846153845,1.0820744908568285,12
CUST-1710,25,Month-to-Month,Mailed Check,24.83,608.31,0,12,0,1,48.9,0.0,24.332399999999996,1.0204500994558696,12
CUST-1711,68,Month-to-Month,Electronic Check,76.33,5427.32,2,16,1,1,117.72,0.029411764705882353,79.8135294117647,0.9563541490090873,32
CUST-1712,10,Two Year,Credit Card,84.78,808.45,4,14,1,1,118.87,0.4,80.845,1.0486733873461562,56
CUST-1713,67,One Year,Bank Transfer,40.95,2863.76,4,25,1,1,45.59,0.05970149253731343,42.742686567164185,0.958058636198564,100
CUST-1714,18,Month-to-Month,Electronic Check,34.51,562.62,1,43,0,1,63.97,0.05555555555555555,31.256666666666668,1.1040844619814438,43
CUST-1715,34,One Year,Electronic Check,110.44,3901.52,0,27,1,1,104.21,0.0,114.75058823529412,0.9624351534786442,27
CUST-1716,8,One Year,Mailed Check,116.88,866.94,1,41,0,1,60.06,0.125,108.3675,1.0785521489376426,41
CUST-1717,40,One Year,Electronic Check,119.19,4943.39,2,44,0,0,1419.62,0.05,123.58475000000001,0.9644393826908254,88
CUST-1718,42,Month-to-Month,Electronic Check,98.98,3776.51,4,29,0,1,65.75,0.09523809523809523,89.91690476190476,1.1007941194383175,116
CUST-1719,41,Two Year,Credit Card,86.35,3689.87,1,42,0,1,84.49,0.024390243902439025,89.99682926829269,0.9594782472011208,42
CUST-1720,6,Month-to-Month,Electronic Check,54.57,304.54,2,34,1,1,94.89,0.3333333333333333,50.75666666666667,1.0751297038155907,68
CUST-1721,52,Month-to-Month,Bank Transfer,37.14,1825.85,4,21,0,1,54.87,0.07692307692307693,35.1125,1.057742969028124,84
CUST-1722,26,Month-to-Month,Electronic Check,27.9,706.28,6,9,0,1,21.02,0.23076923076923078,27.164615384615384,1.027071416435408,54
CUST-1723,64,Month-to-Month,Bank Transfer,89.33,5471.9,0,10,0,1,150.36,0.0,85.4984375,1.044814415468119,10
CUST-1724,59,Two Year,Bank Transfer,98.47,5810.48,2,37,0,1,123.71,0.03389830508474576,98.48271186440677,0.999870922884168,74
CUST-1725,56,Month-to-Month,Electronic Check,102.65,6014.1,0,32,1,1,130.27,0.0,107.39464285714287,0.9558204885186478,32
CUST-1726,59,Month-to-Month,Mailed Check,111.38,6512.04,1,5,0,1,116.19,0.01694915254237288,110.3735593220339,1.0091184943581428,5
CUST-1727,70,Two Year,Electronic Check,107.99,7621.46,3,36,0,1,194.05,0.04285714285714286,108.878,0.9918440823674204,108
CUST-1728,33,Month-to-Month,Credit Card,119.97,3615.37,0,6,1,1,117.27,0.0,109.55666666666666,1.0950497459457815,6
CUST-1729,53,Month-to-Month,Credit Card,44.41,2340.01,3,43,1,1,28.48,0.05660377358490566,44.1511320754717,1.0058632228067401,129
CUST-1730,22,Month-to-Month,Mailed Check,96.33,2051.61,4,11,0,1,91.91,0.18181818181818182,93.25500000000001,1.0329741032652404,44
CUST-1731,21,Month-to-Month,Mailed Check,78.65,1705.94,2,6,0,1,123.72,0.09523809523809523,81.2352380952381,0.9681759030212083,12
CUST-1732,70,Month-to-Month,Electronic Check,46.12,3093.56,3,1,1,1,68.55,0.04285714285714286,44.193714285714286,1.043587323342686,3
CUST-1733,70,One Year,Bank Transfer,118.19,8289.17,3,0,1,1,92.43,0.04285714285714286,118.41671428571429,0.9980854536702709,0
CUST-1734,4,Month-to-Month,Electronic Check,109.79,410.27,1,22,1,1,73.3,0.25,102.5675,1.0704170424354695,22
CUST-1735,62,Month-to-Month,Electronic Check,32.85,1912.27,3,24,1,1,48.99,0.04838709677419355,30.843064516129033,1.0650692632316567,72
CUST-1736,62,One Year,Mailed Check,22.62,1341.32,3,17,1,0,238.97,0.04838709677419355,21.634193548387096,1.045567053350431,51
CUST-1737,24,One Year,Electronic Check,88.83,2015.96,1,43,1,1,93.2,0.041666666666666664,83.99833333333333,1.0575209825591778,43
CUST-1738,55,Month-to-Month,Bank Transfer,80.41,4148.71,2,6,1,1,141.86,0.03636363636363636,75.43109090909091,1.0660060597149474,12
CUST-1739,9,Month-to-Month,Electronic Check,113.58,927.61,3,2,0,1,223.45,0.3333333333333333,103.06777777777778,1.101993294595789,6
CUST-1740,3,Month-to-Month,Bank Transfer,43.4,133.52,1,28,0,1,35.09,0.3333333333333333,44.50666666666667,0.9751348112642301,28
CUST-1741,31,Month-to-Month,Electronic Check,28.44,801.98,1,9,0,1,38.84,0.03225806451612903,25.870322580645162,1.0993291603281878,9
CUST-1742,40,Month-to-Month,Electronic Check,45.92,1897.61,2,42,0,1,23.33,0.05,47.44025,0.9679544268843441,84
CUST-1743,36,Month-to-Month,Bank Transfer,21.89,724.07,5,4,1,1,34.36,0.1388888888888889,20.113055555555558,1.0883478116756666,20
CUST-1744,24,Two Year,Credit Card,23.59,515.09,2,33,1,1,26.45,0.08333333333333333,21.462083333333336,1.0991477217573626,66
CUST-1745,6,Month-to-Month,Bank Transfer,111.49,658.54,2,7,1,1,88.07,0.3333333333333333,109.75666666666666,1.0157925107055001,14
CUST-1746,66,One Year,Electronic Check,55.2,3553.45,2,13,1,0,611.42,0.030303030303030304,53.84015151515151,1.025257144465238,26
CUST-1747,4,Month-to-Month,Electronic Check,61.08,237.89,0,39,0,1,104.81,0.0,59.4725,1.0270292992559586,39
CUST-1748,6,One Year,Credit Card,21.84,129.23,4,5,1,1,14.56,0.6666666666666666,21.53833333333333,1.014006035750213,20
CUST-1749,51,One Year,Mailed Check,47.05,2262.92,4,0,0,1,26.42,0.0784313725490196,44.370980392156866,1.060377742032418,0
CUST-1750,62,Two Year,Electronic Check,100.47,6225.67,2,32,0,0,1334.65,0.03225806451612903,100.41403225806452,1.0005573697288805,64
CUST-1751,57,Month-to-Month,Credit Card,81.55,4533.82,3,39,0,1,117.35,0.05263157894736842,79.54070175438596,1.025261258717814,117
CUST-1752,66,One Year,Credit Card,95.38,5981.66,6,10,1,1,161.2,0.09090909090909091,90.63121212121212,1.0523968262990542,60
CUST-1753,8,Month-to-Month,Credit Card,64.72,530.17,2,23,0,1,85.37,0.25,66.27125,0.9765924137540789,46
CUST-1754,26,One Year,Credit Card,50.97,1337.36,1,9,1,0,635.24,0.038461538461538464,51.43692307692307,0.9909224143087875,9
CUST-1755,51,Month-to-Month,Credit Card,68.28,3339.65,2,43,0,1,116.06,0.0392156862745098,65.48333333333333,1.0427080682107406,86
CUST-1756,45,Month-to-Month,Electronic Check,52.31,2417.84,0,22,0,1,67.65,0.0,53.729777777777784,0.9735755881282466,22
CUST-1757,44,Month-to-Month,Electronic Check,103.9,4745.5,1,15,0,1,147.2,0.022727272727272728,107.85227272727273,0.9633547571383416,15
CUST-1758,5,Month-to-Month,Mailed Check,49.77,244.0,1,36,0,1,63.42,0.2,48.8,1.019877049180328,36
CUST-1759,70,Month-to-Month,Mailed Check,85.98,5610.8,5,15,1,1,156.54,0.07142857142857142,80.15428571428572,1.0726812575746774,75
CUST-1760,26,Month-to-Month,Mailed Check,33.7,908.94,1,43,0,1,28.76,0.038461538461538464,34.95923076923077,0.9639800206834335,43
CUST-1761,68,Two Year,Electronic Check,88.69,5599.24,0,30,1,1,79.47,0.0,82.34176470588235,1.077096177338353,30
CUST-1762,19,One Year,Mailed Check,111.33,1919.11,2,5,1,1,77.03,0.10526315789473684,101.0057894736842,1.102214047136433,10
CUST-1763,20,Two Year,Mailed Check,80.86,1534.92,3,29,1,1,139.82,0.15,76.74600000000001,1.053605399629948,87
CUST-1764,12,Month-to-Month,Electronic Check,75.99,920.13,2,36,0,1,84.93,0.16666666666666666,76.6775,0.9910338756480063,72
CUST-1765,47,Two Year,Electronic Check,116.11,5667.22,4,0,1,0,1192.45,0.0851063829787234,120.57914893617021,0.9629359721344857,0
CUST-1766,1,Two Year,Mailed Check,82.74,82.38,0,41,0,1,163.17,0.0,82.38,1.0043699927166787,41
CUST-1767,14,One Year,Bank Transfer,45.96,670.96,4,24,0,1,86.87,0.2857142857142857,47.925714285714285,0.9589841421247168,96
CUST-1768,64,One Year,Electronic Check,49.24,2879.89,0,20,0,0,615.37,0.0,44.99828125,1.0942640170284283,20
CUST-1769,38,Month-to-Month,Mailed Check,90.53,3127.48,0,34,1,1,64.59,0.0,82.3021052631579,1.0999718623300547,34
CUST-1770,37,Two Year,Bank Transfer,93.54,3428.55,0,37,0,0,1278.9,0.0,92.66351351351352,1.009458809117557,37
CUST-1771,11,Month-to-Month,Mailed Check,50.35,578.73,1,4,0,1,50.0,0.09090909090909091,52.61181818181819,0.9570093134967946,4
CUST-1772,3,Month-to-Month,Electronic Check,54.53,159.57,2,11,0,1,28.3,0.6666666666666666,53.19,1.0251927053957512,22
CUST-1773,33,Month-to-Month,Mailed Check,119.11,3567.94,1,4,0,1,129.47,0.030303030303030304,108.11939393939394,1.1016524941562917,4
CUST-1774,6,Two Year,Electronic Check,30.2,169.09,2,8,0,1,38.17,0.3333333333333333,28.18166666666667,1.0716186646164763,16
CUST-1775,50,Two Year,Credit Card,60.46,2831.7,4,43,1,0,705.27,0.08,56.63399999999999,1.0675565914468341,172
CUST-1776,10,Two Year,Electronic Check,26.24,249.46,2,8,0,0,332.54,0.2,24.946,1.0518720436142066,16
CUST-1777,5,One Year,Bank Transfer,102.11,462.83,5,34,1,1,176.57,1.0,92.566,1.1031048117019207,170
CUST-1778,23,Month-to-Month,Electronic Check,29.23,696.31,1,0,1,1,31.17,0.043478260869565216,30.274347826086956,0.9655038704025506,0
CUST-1779,10,Month-to-Month,Mailed Check,87.4,854.19,2,9,1,1,89.93,0.2,85.41900000000001,1.023191561596366,18
CUST-1780,44,Month-to-Month,Mailed Check,25.65,1129.32,0,38,0,1,25.86,0.0,25.666363636363634,0.9993624481989162,38
CUST-1781,2,Month-to-Month,Electronic Check,87.29,158.88,1,35,0,1,164.51,0.5,79.44,1.098816717019134,35
CUST-1782,13,Month-to-Month,Mailed Check,104.3,1231.32,0,36,0,1,59.78,0.0,94.71692307692307,1.1011759737517461,36
CUST-1783,40,Month-to-Month,Electronic Check,59.88,2366.39,1,34,0,1,69.92,0.025,59.159749999999995,1.0121746626718335,34
CUST-1784,2,Month-to-Month,Electronic Check,72.21,149.2,0,16,1,1,64.77,0.0,74.6,0.9679624664879356,16
CUST-1785,65,Two Year,Bank Transfer,60.15,3828.71,3,12,0,0,635.78,0.046153846153846156,58.90323076923077,1.0211663980818604,36
CUST-1786,63,Month-to-Month,Electronic Check,50.05,3253.02,2,5,1,1,32.24,0.031746031746031744,51.635238095238094,0.9692992972683844,10
CUST-1787,17,Two Year,Credit Card,100.33,1742.53,0,36,1,1,112.09,0.0,102.50176470588235,0.9788124164289854,36
CUST-1788,9,One Year,Bank Transfer,47.2,387.15,0,31,0,0,643.1,0.0,43.016666666666666,1.0972491282448664,31
CUST-1789,15,Month-to-Month,Mailed Check,92.29,1287.85,4,10,1,1,169.13,0.26666666666666666,85.85666666666665,1.0749310866948794,40
CUST-1790,24,Month-to-Month,Electronic Check,40.62,973.57,2,16,0,1,33.44,0.08333333333333333,40.56541666666667,1.0013455632363362,32
CUST-1791,38,Month-to-Month,Mailed Check,44.99,1652.39,4,4,0,1,66.02,0.10526315789473684,43.483947368421056,1.0346346806746591,16
CUST-1792,35,Month-to-Month,Bank Transfer,53.65,1771.85,1,5,1,1,37.64,0.02857142857142857,50.62428571428571,1.0597680390552249,5
CUST-1793,49,One Year,Electronic Check,78.92,3723.21,3,9,1,1,152.39,0.061224489795918366,75.98387755102041,1.0386413874049543,27
CUST-1794,69,Month-to-Month,Credit Card,65.44,4365.36,0,32,0,1,90.93,0.0,63.26608695652173,1.0343614272362418,32
CUST-1795,62,Month-to-Month,Electronic Check,94.51,6073.98,2,29,0,1,136.04,0.03225806451612903,97.9674193548387,0.9647084778020344,58
CUST-1796,60,Month-to-Month,Credit Card,41.36,2271.95,3,20,0,1,47.59,0.05,37.86583333333333,1.0922775589251525,60
CUST-1797,50,Two Year,Electronic Check,21.07,992.35,0,41,0,0,228.2,0.0,19.847,1.0616214037386003,41
CUST-1798,9,One Year,Credit Card,97.66,861.92,3,16,1,1,79.98,0.3333333333333333,95.76888888888888,1.0197466122145906,48
CUST-1799,34,One Year,Mailed Check,102.16,3489.91,0,26,1,1,143.64,0.0,102.64441176470588,0.9952806805906169,26
CUST-1800,35,Month-to-Month,Electronic Check,25.95,903.34,3,2,1,1,50.13,0.08571428571428572,25.809714285714286,1.0054353842407067,6
CUST-1801,1,One Year,Electronic Check,81.09,84.43,4,28,1,1,84.31,4.0,84.43,0.9604406016818666,112
CUST-1802,40,One Year,Mailed Check,57.82,2357.53,0,1,0,0,794.98,0.0,58.938250000000004,0.981026752575789,1
CUST-1803,64,One Year,Credit Card,99.39,6256.4,0,28,0,0,1135.04,0.0,97.75625,1.0167124864139123,28
CUST-1804,22,Two Year,Electronic Check,107.44,2203.43,3,35,0,1,204.59,0.13636363636363635,100.15590909090908,1.0727275202752073,105
CUST-1805,60,Month-to-Month,Electronic Check,105.1,6101.88,3,33,1,1,107.8,0.05,101.69800000000001,1.0334519852897794,99
CUST-1806,64,Two Year,Mailed Check,97.72,6279.14,1,36,1,0,1011.06,0.015625,98.1115625,0.996009007602952,36
CUST-1807,11,Two Year,Mailed Check,46.91,529.27,3,41,1,1,56.02,0.2727272727272727,48.11545454545455,0.9749466245961418,123
CUST-1808,14,Month-to-Month,Mailed Check,101.19,1478.94,3,0,0,1,159.61,0.21428571428571427,105.63857142857144,0.9578887581646313,0
CUST-1809,60,Month-to-Month,Bank Transfer,73.35,4360.59,2,25,0,1,115.85,0.03333333333333333,72.6765,1.0092670945904108,50
CUST-1810,30,Two Year,Electronic Check,25.28,742.5,2,0,1,0,304.47,0.06666666666666667,24.75,1.0214141414141416,0
CUST-1811,35,Month-to-Month,Credit Card,65.69,2075.34,1,3,0,1,84.39,0.02857142857142857,59.29542857142857,1.107842570374011,3
CUST-1812,37,Month-to-Month,Mailed Check,114.22,3849.23,2,38,1,1,62.25,0.05405405405405406,104.03324324324325,1.0979182849556923,76
CUST-1813,5,Two Year,Electronic Check,108.79,502.29,3,13,0,1,104.05,0.6,100.458,1.0829401341854308,39
CUST-1814,26,One Year,Bank Transfer,30.23,713.84,1,17,0,0,326.1,0.038461538461538464,27.455384615384617,1.1010590608539728,17
CUST-1815,62,Month-to-Month,Bank Transfer,94.41,5620.04,2,33,1,1,126.33,0.03225806451612903,90.6458064516129,1.04152639482993,66
CUST-1816,4,One Year,Electronic Check,100.58,382.42,4,0,0,1,134.52,1.0,95.605,1.0520370273521258,0
CUST-1817,42,Month-to-Month,Bank Transfer,47.14,1971.17,0,21,1,1,73.77,0.0,46.93261904761905,1.0044186954955685,21
CUST-1818,18,Month-to-Month,Electronic Check,67.16,1185.13,4,15,1,1,105.81,0.2222222222222222,65.84055555555557,1.0200399956122954,60
CUST-1819,40,Month-to-Month,Mailed Check,91.1,3605.36,1,21,0,1,77.69,0.025,90.134,1.0107173763507666,21
CUST-1820,39,One Year,Credit Card,63.9,2419.32,1,15,1,0,784.24,0.02564102564102564,62.033846153846156,1.030082833192798,15
CUST-1821,14,Month-to-Month,Electronic Check,31.28,412.37,1,27,0,1,16.56,0.07142857142857142,29.455000000000002,1.061958920387031,27
CUST-1822,32,One Year,Electronic Check,90.59,3023.31,1,27,0,1,142.61,0.03125,94.4784375,0.9588431222732701,27
CUST-1823,51,One Year,Credit Card,111.16,5175.72,1,21,1,1,72.6,0.0196078431372549,101.48470588235294,1.0953374602953792,21
CUST-1824,38,Month-to-Month,Credit Card,85.25,3371.78,2,5,0,1,135.93,0.05263157894736842,88.73105263157895,0.9607684961652302,10
CUST-1825,23,One Year,Mailed Check,97.38,2120.33,2,24,0,1,125.69,0.08695652173913043,92.18826086956521,1.056316705418496,48
CUST-1826,63,Month-to-Month,Mailed Check,55.84,3436.65,1,41,1,1,64.54,0.015873015873015872,54.550000000000004,1.0236480293308892,41
CUST-1827,15,One Year,Mailed Check,38.32,526.7,4,1,0,1,58.86,0.26666666666666666,35.11333333333334,1.0913233339662045,4
CUST-1828,25,Month-to-Month,Credit Card,84.28,1918.72,1,6,1,0,1029.88,0.04,76.7488,1.0981279186124082,6
CUST-1829,17,Two Year,Credit Card,52.78,865.35,2,16,1,0,550.48,0.11764705882352941,50.90294117647059,1.0368752527878893,32
CUST-1830,66,Month-to-Month,Electronic Check,106.01,7075.4,1,34,0,1,151.03,0.015151515151515152,107.2030303030303,0.9888713005625124,34
CUST-1831,53,Month-to-Month,Mailed Check,32.26,1607.89,0,19,0,0,336.09,0.0,30.337547169811323,1.0633687627884991,19
CUST-1832,51,One Year,Mailed Check,63.35,3180.29,0,43,0,0,832.6,0.0,62.35862745098039,1.0158979212587531,43
CUST-1833,39,Month-to-Month,Bank Transfer,59.67,2191.69,1,1,0,0,617.88,0.02564102564102564,56.19717948717949,1.0617970607157035,1
CUST-1834,51,Month-to-Month,Bank Transfer,113.81,5562.22,3,6,1,1,145.46,0.058823529411764705,109.06313725490196,1.0435239886232477,18
CUST-1835,70,One Year,Bank Transfer,35.31,2560.6,3,31,1,1,50.62,0.04285714285714286,36.58,0.965281574630946,93
CUST-1836,6,One Year,Credit Card,20.98,129.45,1,18,0,1,23.71,0.16666666666666666,21.575,0.9724217844727695,18
CUST-1837,67,One Year,Electronic Check,43.81,2868.94,1,11,0,0,600.85,0.014925373134328358,42.82,1.023120037365717,11
CUST-1838,7,Month-to-Month,Electronic Check,102.03,668.3,0,8,1,1,131.12,0.0,95.47142857142856,1.0686966931019004,8
CUST-1839,51,One Year,Mailed Check,40.93,1939.18,0,26,0,0,438.51,0.0,38.02313725490196,1.0764498396229334,26
CUST-1840,42,Month-to-Month,Electronic Check,44.09,1931.62,2,13,1,1,36.8,0.047619047619047616,45.99095238095238,0.9586668185253829,26
CUST-1841,64,One Year,Electronic Check,32.99,1964.43,7,1,1,0,435.81,0.109375,30.69421875,1.0747952332228687,7
CUST-1842,15,One Year,Electronic Check,91.54,1402.24,1,20,0,1,141.57,0.06666666666666667,93.48266666666667,0.9792189639434048,20
CUST-1843,29,Month-to-Month,Bank Transfer,26.92,745.82,4,3,0,1,22.33,0.13793103448275862,25.71793103448276,1.0467405003888337,12
CUST-1844,33,Month-to-Month,Credit Card,53.12,1836.84,1,20,1,1,104.35,0.030303030303030304,55.66181818181818,0.9543346181485596,20
CUST-1845,27,Month-to-Month,Mailed Check,48.25,1244.42,2,21,0,1,47.18,0.07407407407407407,46.089629629629634,1.0468732421529707,42
CUST-1846,36,Month-to-Month,Mailed Check,75.52,2590.2,2,1,0,1,98.08,0.05555555555555555,71.94999999999999,1.0496177901320363,2
CUST-1847,29,Month-to-Month,Electronic Check,93.04,2686.34,2,16,1,1,49.17,0.06896551724137931,92.63241379310345,1.0044000387143845,32
CUST-1848,38,Month-to-Month,Bank Transfer,73.29,2908.19,3,18,1,1,133.93,0.07894736842105263,76.53131578947368,0.9576471963661247,54
CUST-1849,57,One Year,Bank Transfer,113.1,6746.03,0,39,0,1,190.38,0.0,118.35140350877192,0.9556287179274329,39
CUST-1850,27,Month-to-Month,Mailed Check,115.14,3127.68,2,23,0,1,91.33,0.07407407407407407,115.83999999999999,0.9939571823204421,46
CUST-1851,55,Two Year,Electronic Check,56.15,3128.99,3,19,0,0,661.49,0.05454545454545454,56.89072727272727,0.9869798241605119,57
CUST-1852,33,Month-to-Month,Electronic Check,97.77,3176.43,1,37,0,1,95.2,0.030303030303030304,96.25545454545454,1.015734645498248,37
CUST-1853,68,One Year,Electronic Check,93.88,6469.17,4,11,0,1,144.41,0.058823529411764705,95.13485294117648,0.9868097452996287,44
CUST-1854,66,One Year,Mailed Check,109.3,7422.76,1,24,0,0,1408.74,0.015151515151515152,112.46606060606061,0.9718487462884425,24
CUST-1855,10,Month-to-Month,Credit Card,64.79,630.35,2,22,0,1,104.4,0.2,63.035000000000004,1.0278416752597763,44
CUST-1856,5,Month-to-Month,Credit Card,73.05,362.69,4,33,0,1,137.07,0.8,72.538,1.0070583694063802,132
CUST-1857,38,One Year,Mailed Check,61.58,2294.64,3,31,0,0,672.59,0.07894736842105263,60.385263157894734,1.0197852386430988,93
CUST-1858,13,Month-to-Month,Bank Transfer,105.04,1344.18,1,23,0,1,209.23,0.07692307692307693,103.39846153846155,1.0158758499605707,23
CUST-1859,31,Two Year,Credit Card,42.97,1376.7,1,41,0,0,544.21,0.03225806451612903,44.40967741935484,0.9675818987433717,41
CUST-1860,47,Month-to-Month,Electronic Check,43.97,1970.17,0,24,0,1,42.09,0.0,41.918510638297874,1.0489399391930645,24
CUST-1861,52,Two Year,Electronic Check,57.26,2772.75,0,2,1,0,721.62,0.0,53.32211538461539,1.0738508700748353,2
CUST-1862,56,Month-to-Month,Credit Card,43.03,2333.64,3,24,0,1,68.83,0.05357142857142857,41.67214285714285,1.0325842889220276,72
CUST-1863,15,One Year,Electronic Check,76.1,1062.98,2,27,1,1,99.08,0.13333333333333333,70.86533333333334,1.0738678056031157,54
CUST-1864,29,One Year,Credit Card,33.45,945.57,4,11,1,1,20.43,0.13793103448275862,32.60586206896552,1.0258891462292585,44
CUST-1865,8,One Year,Credit Card,52.02,430.94,5,25,0,1,91.68,0.625,53.8675,0.9657028820717501,125
CUST-1866,5,Month-to-Month,Bank Transfer,111.34,552.59,2,43,1,1,216.15,0.4,110.518,1.0074377024557086,86
CUST-1867,29,One Year,Credit Card,60.92,1816.7,0,7,0,0,765.64,0.0,62.6448275862069,0.9724665602466009,7
CUST-1868,47,Month-to-Month,Bank Transfer,94.82,4121.98,7,4,0,1,79.39,0.14893617021276595,87.70170212765956,1.0811648770736395,28
CUST-1869,68,One Year,Bank Transfer,31.35,2206.69,1,10,0,0,340.9,0.014705882352941176,32.451323529411766,0.9660622923926786,10
CUST-1870,45,Month-to-Month,Electronic Check,44.76,1994.6,7,41,0,1,38.31,0.15555555555555556,44.324444444444445,1.0098265316354156,287
CUST-1871,2,Two Year,Electronic Check,100.73,182.27,3,34,0,1,156.12,1.5,91.135,1.1052833708235035,102
CUST-1872,27,Month-to-Month,Electronic Check,96.3,2587.02,0,26,0,1,179.83,0.0,95.81555555555555,1.0050560103903334,26
CUST-1873,36,Two Year,Bank Transfer,58.62,2200.45,0,40,1,0,647.69,0.0,61.1236111111111,0.9590401963234794,40
CUST-1874,36,Two Year,Electronic Check,115.44,3789.61,2,43,1,0,1187.57,0.05555555555555555,105.26694444444445,1.096640551402387,86
CUST-1875,26,Two Year,Electronic Check,111.06,2851.09,1,37,0,0,1291.65,0.038461538461538464,109.6573076923077,1.0127915990024867,37
CUST-1876,43,Month-to-Month,Electronic Check,116.23,5184.42,0,18,0,1,106.3,0.0,120.56790697674418,0.9640210476774644,18
CUST-1877,27,Month-to-Month,Bank Transfer,62.79,1528.26,1,31,0,1,85.07,0.037037037037037035,56.602222222222224,1.1093204035962467,31
CUST-1878,69,Two Year,Credit Card,39.75,2728.04,2,27,0,0,411.75,0.028985507246376812,39.536811594202895,1.0053921496752247,54
CUST-1879,20,Month-to-Month,Credit Card,82.67,1605.84,2,35,1,1,145.22,0.1,80.292,1.0296168983211278,70
CUST-1880,11,Month-to-Month,Mailed Check,88.48,926.61,1,17,0,1,104.3,0.09090909090909091,84.23727272727272,1.0503663893115767,17
CUST-1881,38,One Year,Credit Card,32.54,1229.26,0,9,0,0,341.54,0.0,32.34894736842105,1.0059059922229634,9
CUST-1882,6,One Year,Bank Transfer,98.65,537.39,0,31,1,1,93.98,0.0,89.565,1.1014347122201753,31
CUST-1883,23,Month-to-Month,Mailed Check,21.81,508.13,3,17,1,1,17.87,0.13043478260869565,22.092608695652174,0.9872079979532796,51
CUST-1884,47,One Year,Mailed Check,68.27,2889.98,0,11,0,0,744.45,0.0,61.48893617021277,1.1102810400071972,11
CUST-1885,46,Two Year,Electronic Check,53.1,2310.8,1,7,0,0,616.76,0.021739130434782608,50.23478260869565,1.0570365241474815,7
CUST-1886,12,Month-to-Month,Credit Card,94.03,1100.82,1,32,0,1,52.08,0.08333333333333333,91.735,1.025017714067695,32
CUST-1887,13,Two Year,Electronic Check,51.28,637.68,2,37,0,0,555.03,0.15384615384615385,49.052307692307686,1.0454146280265966,74
CUST-1888,62,Month-to-Month,Mailed Check,102.68,6023.16,1,13,0,1,151.8,0.016129032258064516,97.14774193548386,1.056946851818647,13
CUST-1889,60,Month-to-Month,Bank Transfer,79.5,4887.46,2,1,0,1,117.01,0.03333333333333333,81.45766666666667,0.975967066738142,2
CUST-1890,43,Month-to-Month,Electronic Check,99.39,4445.68,1,8,1,1,60.66,0.023255813953488372,103.38790697674419,0.961330999982005,8
CUST-1891,68,Month-to-Month,Electronic Check,118.93,8338.4,2,43,0,1,110.74,0.029411764705882353,122.62352941176471,0.9698791134989927,86
CUST-1892,5,Two Year,Bank Transfer,87.92,430.09,4,4,0,0,1169.13,0.8,86.018,1.0221116510497803,16
CUST-1893,37,Month-to-Month,Electronic Check,118.5,4527.54,2,33,0,1,115.87,0.05405405405405406,122.36594594594594,0.9684066844246545,66
CUST-1894,31,Month-to-Month,Bank Transfer,22.88,736.32,0,18,0,1,25.79,0.0,23.75225806451613,0.963276836158192,18
CUST-1895,9,Month-to-Month,Mailed Check,53.81,465.59,1,6,0,1,84.44,0.1111111111111111,51.73222222222222,1.0401640928714107,6
CUST-1896,51,One Year,Bank Transfer,30.79,1480.02,2,38,0,0,405.27,0.0392156862745098,29.02,1.0609924190213647,76
CUST-1897,29,One Year,Bank Transfer,46.23,1226.36,2,41,0,0,501.97,0.06896551724137931,42.288275862068964,1.093210802700675,82
CUST-1898,40,Month-to-Month,Mailed Check,103.89,4038.68,0,16,0,1,74.13,0.0,100.967,1.0289500529876099,16
CUST-1899,41,Month-to-Month,Mailed Check,23.23,992.38,5,25,0,1,16.06,0.12195121951219512,24.204390243902438,0.9597432435155888,125
CUST-1900,11,Two Year,Bank Transfer,72.02,779.65,3,26,0,1,139.62,0.2727272727272727,70.87727272727273,1.0161226191239658,78
CUST-1901,23,Month-to-Month,Bank Transfer,76.71,1764.57,2,42,0,1,81.68,0.08695652173913043,76.72043478260869,0.9998639895271936,84
CUST-1902,1,Month-to-Month,Bank Transfer,76.12,69.8,2,27,0,1,98.24,2.0,69.8,1.09054441260745,54
CUST-1903,46,Month-to-Month,Credit Card,67.53,2862.62,2,19,0,1,108.1,0.043478260869565216,62.23086956521739,1.085152762154949,38
CUST-1904,21,One Year,Electronic Check,99.06,2017.17,3,5,0,1,56.58,0.14285714285714285,96.05571428571429,1.0312764913220007,15
CUST-1905,36,Month-to-Month,Mailed Check,33.35,1251.85,2,7,1,1,28.73,0.05555555555555555,34.77361111111111,0.9590605903263172,14
CUST-1906,54,Month-to-Month,Credit Card,51.06,2630.73,1,31,1,1,89.26,0.018518518518518517,48.717222222222226,1.0480893136125713,31
CUST-1907,57,Month-to-Month,Electronic Check,81.57,4796.52,3,18,0,1,146.25,0.05263157894736842,84.14947368421053,0.9693465262315177,54
CUST-1908,1,Two Year,Electronic Check,89.1,81.8,2,31,1,0,1186.58,2.0,81.8,1.089242053789731,62
CUST-1909,63,Month-to-Month,Mailed Check,60.41,3777.49,4,18,0,1,64.17,0.06349206349206349,59.960158730158724,1.0075023362073758,72
CUST-1910,54,One Year,Electronic Check,107.54,5749.62,0,23,1,0,1222.58,0.0,106.47444444444444,1.010007617894748,23
CUST-1911,55,Month-to-Month,Electronic Check,61.55,3483.36,3,23,0,1,58.02,0.05454545454545454,63.33381818181818,0.9718346653805521,69
CUST-1912,40,Month-to-Month,Credit Card,60.28,2171.28,2,16,0,1,40.73,0.05,54.282000000000004,1.11049703400759,32
CUST-1913,15,One Year,Mailed Check,23.62,328.96,1,17,0,0,266.46,0.06666666666666667,21.930666666666664,1.0770306420233464,17
CUST-1914,21,Month-to-Month,Electronic Check,75.11,1471.56,1,11,0,1,81.2,0.047619047619047616,70.07428571428571,1.0718625132512436,11
CUST-1915,47,Two Year,Credit Card,90.87,4452.38,2,40,1,0,951.05,0.0425531914893617,94.73148936170213,0.9592375313877073,80
CUST-1916,53,Two Year,Credit Card,31.44,1538.1,0,22,0,0,379.94,0.0,29.02075471698113,1.0833625902086992,22
CUST-1917,9,Two Year,Mailed Check,50.54,411.9,0,17,0,0,537.76,0.0,45.766666666666666,1.1042971595047342,17
CUST-1918,52,Month-to-Month,Electronic Check,98.13,5001.57,0,15,0,1,124.69,0.0,96.18403846153845,1.0202316472627595,15
CUST-1919,57,One Year,Credit Card,56.59,3158.81,1,15,0,0,629.91,0.017543859649122806,55.417719298245615,1.0211535356669126,15
CUST-1920,26,Month-to-Month,Bank Transfer,44.16,1178.71,3,35,0,1,51.24,0.11538461538461539,45.335,0.9740818352266459,105
CUST-1921,41,Two Year,Bank Transfer,87.22,3727.39,5,22,0,1,136.36,0.12195121951219512,90.91195121951219,0.9593898143204763,110
CUST-1922,35,One Year,Credit Card,39.68,1362.11,1,21,0,1,23.3,0.02857142857142857,38.917428571428566,1.0195945995551021,21
CUST-1923,63,Two Year,Bank Transfer,109.57,7175.57,0,38,1,0,1430.79,0.0,113.8979365079365,0.9620016249580172,38
CUST-1924,25,Month-to-Month,Electronic Check,30.56,770.7,0,32,0,1,32.27,0.0,30.828000000000003,0.9913066043856233,32
CUST-1925,38,Month-to-Month,Bank Transfer,90.65,3236.93,3,23,0,1,71.84,0.07894736842105263,85.18236842105263,1.0641873627171425,69
CUST-1926,2,Month-to-Month,Electronic Check,69.95,145.39,3,19,0,1,133.06,1.5,72.695,0.962239493775363,57
CUST-1927,7,One Year,Bank Transfer,106.99,749.02,3,32,1,1,146.79,0.42857142857142855,107.00285714285714,0.9998798429948466,96
CUST-1928,34,Month-to-Month,Bank Transfer,32.62,1067.06,1,30,0,1,30.37,0.029411764705882353,31.384117647058822,1.0393792289093395,30
CUST-1929,17,Month-to-Month,Electronic Check,87.79,1495.47,0,39,0,1,136.7,0.0,87.96882352941176,0.9979671942599986,39
CUST-1930,43,One Year,Mailed Check,77.21,3187.88,1,7,1,0,1052.37,0.023255813953488372,74.13674418604651,1.0414538815764707,7
CUST-1931,59,One Year,Electronic Check,68.01,3680.06,6,9,0,1,47.48,0.1016949152542373,62.373898305084744,1.0903599397835906,54
CUST-1932,51,Month-to-Month,Electronic Check,69.14,3553.81,1,0,0,1,59.17,0.0196078431372549,69.68254901960785,0.992213990055743,0
CUST-1933,54,One Year,Bank Transfer,92.2,5096.37,4,20,0,1,134.99,0.07407407407407407,94.37722222222222,0.9769306388664875,80
CUST-1934,24,Month-to-Month,Electronic Check,113.77,2755.93,1,24,1,1,65.74,0.041666666666666664,114.83041666666666,0.9907653677705892,24
CUST-1935,25,Month-to-Month,Bank Transfer,29.13,680.45,1,31,1,1,26.48,0.04,27.218000000000004,1.0702476302446908,31
CUST-1936,71,Month-to-Month,Electronic Check,21.95,1626.24,1,9,1,1,17.83,0.014084507042253521,22.904788732394366,0.9583148858717041,9
CUST-1937,52,Month-to-Month,Bank Transfer,100.57,4726.49,5,8,0,1,80.63,0.09615384615384616,90.89403846153846,1.1064532031169008,40
CUST-1938,70,Month-to-Month,Credit Card,30.82,2049.32,1,19,0,1,46.97,0.014285714285714285,29.276000000000003,1.0527394452794097,19
CUST-1939,33,One Year,Bank Transfer,118.67,3677.28,2,19,0,0,1612.59,0.06060606060606061,111.43272727272728,1.0649474611669494,38
CUST-1940,49,Month-to-Month,Mailed Check,81.93,3642.09,0,39,1,1,128.94,0.0,74.32836734693878,1.1022709488233404,39
CUST-1941,29,Month-to-Month,Credit Card,85.09,2371.03,1,6,1,1,124.96,0.034482758620689655,81.7596551724138,1.040733352171841,6
CUST-1942,63,Two Year,Electronic Check,39.89,2496.65,2,10,0,0,466.36,0.031746031746031744,39.62936507936508,1.0065768129293253,20
CUST-1943,22,Month-to-Month,Electronic Check,44.03,1000.03,1,20,1,1,25.87,0.045454545454545456,45.45590909090909,0.968630941071768,20
CUST-1944,26,Month-to-Month,Mailed Check,85.94,2342.71,1,37,0,1,64.56,0.038461538461538464,90.10423076923077,0.9537842925500809,37
CUST-1945,28,One Year,Electronic Check,110.97,3173.07,1,18,0,1,124.47,0.03571428571428571,113.32392857142858,0.9792283183163307,18
CUST-1946,49,Two Year,Credit Card,118.24,5621.7,0,14,0,0,1445.53,0.0,114.72857142857143,1.030606400199228,14
CUST-1947,71,One Year,Electronic Check,39.8,2849.98,1,5,0,0,472.24,0.014084507042253521,40.14056338028169,0.9915157299349469,5
CUST-1948,49,One Year,Bank Transfer,33.41,1680.54,1,9,0,0,352.31,0.02040816326530612,34.29673469387755,0.9741452152284383,9
CUST-1949,20,Two Year,Bank Transfer,25.64,497.31,1,15,0,0,335.08,0.05,24.8655,1.0311475739478393,15
CUST-1950,63,Month-to-Month,Electronic Check,106.83,6849.81,4,44,1,1,135.01,0.06349206349206349,108.72714285714287,0.9825513408401108,176
CUST-1951,61,Two Year,Bank Transfer,49.47,2934.38,2,10,1,0,525.0,0.03278688524590164,48.104590163934425,1.0283841901866835,20
CUST-1952,49,Month-to-Month,Electronic Check,20.18,947.26,2,34,1,1,21.95,0.04081632653061224,19.331836734693876,1.043873910014146,68
CUST-1953,71,Two Year,Mailed Check,42.38,2945.53,3,7,1,0,493.1,0.04225352112676056,41.486338028169016,1.0215411148418112,21
CUST-1954,1,Month-to-Month,Electronic Check,54.04,54.11,0,27,0,1,84.26,0.0,54.11,0.9987063389391979,27
CUST-1955,13,One Year,Credit Card,119.1,1562.28,1,2,0,1,111.56,0.07692307692307693,120.17538461538462,0.9910515400568399,2
CUST-1956,51,Month-to-Month,Credit Card,72.35,3518.31,1,1,1,1,62.77,0.0196078431372549,68.98647058823529,1.0487563631402577,1
CUST-1957,56,One Year,Electronic Check,40.47,2233.91,2,13,0,0,502.43,0.03571428571428571,39.89125,1.014508194152853,26
CUST-1958,62,Month-to-Month,Electronic Check,53.48,3436.72,1,28,1,1,84.8,0.016129032258064516,55.43096774193548,0.9648036499918526,28
CUST-1959,32,Two Year,Bank Transfer,53.03,1775.78,1,2,1,0,577.52,0.03125,55.493125,0.9556138710876347,2
CUST-1960,30,Two Year,Electronic Check,21.97,615.66,1,0,1,0,274.06,0.03333333333333333,20.522,1.0705584251047657,0
CUST-1961,29,Month-to-Month,Credit Card,33.52,902.99,2,14,0,1,32.97,0.06896551724137931,31.13758620689655,1.0765124752212096,28
CUST-1962,49,Two Year,Mailed Check,89.52,4393.07,2,19,0,0,1121.38,0.04081632653061224,89.65448979591837,0.9984999100856576,38
CUST-1963,45,One Year,Electronic Check,32.03,1386.87,3,21,1,1,21.99,0.06666666666666667,30.81933333333333,1.0392827013346602,63
CUST-1964,30,One Year,Credit Card,43.07,1167.58,1,33,1,0,520.18,0.03333333333333333,38.919333333333334,1.1066479384710255,33
CUST-1965,16,Month-to-Month,Mailed Check,55.07,838.85,7,32,1,1,80.25,0.4375,52.428125,1.0503904154497228,224
CUST-1966,40,Month-to-Month,Credit Card,95.77,3911.29,2,8,0,1,51.76,0.05,97.78225,0.9794211117048338,16
CUST-1967,19,Month-to-Month,Credit Card,78.24,1515.72,2,2,0,1,116.86,0.10526315789473684,79.77473684210527,0.9807616182408359,4
CUST-1968,18,Month-to-Month,Electronic Check,88.9,1558.92,2,1,1,1,104.08,0.1111111111111111,86.60666666666667,1.0264798706797014,2
CUST-1969,1,Two Year,Electronic Check,76.7,74.47,2,3,1,0,901.39,2.0,74.47,1.0299449442728617,6
CUST-1970,47,Month-to-Month,Credit Card,88.36,4098.63,0,15,0,1,152.74,0.0,87.20489361702128,1.0132458894801433,15
CUST-1971,66,Two Year,Credit Card,20.28,1248.68,2,32,0,0,252.24,0.030303030303030304,18.91939393939394,1.0719159432360572,64
CUST-1972,38,Month-to-Month,Electronic Check,113.09,4206.77,1,8,1,1,178.7,0.02631578947368421,110.70447368421054,1.021548599043922,8
CUST-1973,51,Month-to-Month,Credit Card,31.09,1429.66,1,39,0,1,38.19,0.0196078431372549,28.032549019607846,1.1090678902676159,39
CUST-1974,63,One Year,Mailed Check,60.62,3709.58,3,37,1,0,761.89,0.047619047619047616,58.88222222222222,1.0295127750311357,111
CUST-1975,4,Two Year,Electronic Check,97.1,369.14,2,17,0,1,150.32,0.5,92.285,1.0521753264344151,34
CUST-1976,1,Month-to-Month,Credit Card,63.52,63.6,0,15,0,1,83.92,0.0,63.6,0.9987421383647799,15
CUST-1977,8,Month-to-Month,Electronic Check,114.68,913.54,3,7,1,1,62.56,0.375,114.1925,1.004269106990389,21
CUST-1978,29,Month-to-Month,Credit Card,66.76,1853.03,3,22,0,1,98.13,0.10344827586206896,63.89758620689655,1.0447969002120852,66
CUST-1979,55,Month-to-Month,Electronic Check,107.49,5327.2,2,35,0,1,156.13,0.03636363636363636,96.85818181818182,1.1097668568854182,70
CUST-1980,3,Month-to-Month,Bank Transfer,101.08,284.39,2,2,0,1,72.39,0.6666666666666666,94.79666666666667,1.0662822180808045,4
CUST-1981,32,Month-to-Month,Electronic Check,118.1,3760.31,1,14,1,1,120.87,0.03125,117.5096875,1.0050235219968566,14
CUST-1982,10,Month-to-Month,Mailed Check,112.65,1026.08,1,37,0,1,155.33,0.1,102.60799999999999,1.097867612661781,37
CUST-1983,34,One Year,Bank Transfer,109.81,3420.47,1,32,0,1,77.76,0.029411764705882353,100.6020588235294,1.0915283572140673,32
CUST-1984,55,Month-to-Month,Electronic Check,93.16,5108.71,3,17,1,1,165.74,0.05454545454545454,92.88563636363637,1.002953778938323,51
CUST-1985,32,Month-to-Month,Mailed Check,56.7,1838.65,4,22,0,1,30.69,0.125,57.4578125,0.9868109754439398,88
CUST-1986,50,Month-to-Month,Mailed Check,30.61,1451.27,5,42,0,1,20.03,0.1,29.0254,1.054593562879409,210
CUST-1987,7,One Year,Electronic Check,88.86,605.51,1,2,0,1,59.91,0.14285714285714285,86.50142857142858,1.0272662714075738,2
CUST-1988,8,Two Year,Credit Card,117.87,982.43,3,29,1,1,152.31,0.375,122.80375,0.9598241096057736,87
CUST-1989,65,Month-to-Month,Electronic Check,92.66,6274.85,1,44,0,1,132.52,0.015384615384615385,96.53615384615385,0.9598476457604563,44
CUST-1990,57,One Year,Mailed Check,112.87,6086.98,2,16,0,1,124.79,0.03508771929824561,106.78912280701753,1.0569428517918575,32
CUST-1991,67,Month-to-Month,Mailed Check,100.43,6873.47,4,31,0,1,93.7,0.05970149253731343,102.58910447761194,0.9789538617321383,124
CUST-1992,59,Month-to-Month,Mailed Check,36.31,2118.92,2,6,1,1,62.23,0.03389830508474576,35.91389830508475,1.0110292035565287,12
CUST-1993,54,Month-to-Month,Electronic Check,44.92,2538.04,1,38,1,1,27.06,0.018518518518518517,47.00074074074074,0.955729618130526,38
CUST-1994,67,Month-to-Month,Mailed Check,54.19,3527.77,2,13,0,1,49.88,0.029850746268656716,52.65328358208955,1.0291855761571758,26
CUST-1995,51,One Year,Mailed Check,36.83,1908.77,0,14,0,0,469.51,0.0,37.42686274509804,0.9840525574060781,14
CUST-1996,8,Two Year,Bank Transfer,78.17,634.88,3,43,1,1,40.71,0.375,79.36,0.9850050403225806,129
CUST-1997,34,Month-to-Month,Credit Card,117.55,3895.24,3,11,0,1,121.08,0.08823529411764706,114.56588235294117,1.0260471755270535,33
CUST-1998,35,One Year,Mailed Check,96.15,3430.35,3,7,1,0,1230.24,0.08571428571428572,98.00999999999999,0.9810223446587084,21
CUST-1999,32,One Year,Electronic Check,62.34,1873.5,3,15,0,0,757.06,0.09375,58.546875,1.0647878302642115,45
CUST-2000,46,Month-to-Month,Electronic Check,20.45,863.88,3,40,1,1,35.41,0.06521739130434782,18.78,1.0889243876464323,120
CUST-2001,16,Month-to-Month,Electronic Check,51.33,791.53,1,33,0,1,38.21,0.0625,49.470625,1.0375854358015488,33
CUST-2002,68,Month-to-Month,Electronic Check,72.68,5147.56,1,23,1,1,121.4,0.014705882352941176,75.69941176470589,0.9601131409833009,23
CUST-2003,37,Month-to-Month,Electronic Check,52.43,1891.63,1,28,0,1,79.3,0.02702702702702703,51.12513513513514,1.0255229616785522,28
CUST-2004,54,Month-to-Month,Electronic Check,31.1,1671.49,0,15,0,1,30.78,0.0,30.953518518518518,1.0047323047101688,15
CUST-2005,14,Month-to-Month,Electronic Check,64.28,894.18,0,4,0,1,84.84,0.0,63.87,1.0064192891811492,4
CUST-2006,55,Month-to-Month,Electronic Check,45.33,2293.41,3,4,0,1,52.88,0.05454545454545454,41.69836363636363,1.0870930186926893,12
CUST-2007,48,One Year,Electronic Check,110.92,5103.44,3,29,0,1,76.82,0.0625,106.32166666666666,1.0432492593231233,87
CUST-2008,7,One Year,Electronic Check,30.18,212.54,1,4,0,1,56.16,0.14285714285714285,30.36285714285714,0.993977604215677,4
CUST-2009,7,Two Year,Electronic Check,24.92,182.43,1,42,1,1,33.75,0.14285714285714285,26.06142857142857,0.956202378994683,42
CUST-2010,33,Month-to-Month,Mailed Check,20.53,626.82,2,12,0,1,37.37,0.06060606060606061,18.994545454545456,1.0808366038097061,24
CUST-2011,23,One Year,Mailed Check,52.81,1167.95,4,34,1,1,91.66,0.17391304347826086,50.7804347826087,1.0399674643606318,136
CUST-2012,19,Two Year,Electronic Check,86.04,1494.6,2,24,0,1,53.32,0.10526315789473684,78.66315789473684,1.0937775993576877,48
CUST-2013,19,One Year,Mailed Check,93.04,1655.25,2,13,0,1,75.45,0.10526315789473684,87.11842105263158,1.0679716054976591,26
CUST-2014,36,Month-to-Month,Electronic Check,65.33,2249.61,2,43,0,1,46.9,0.05555555555555555,62.48916666666667,1.0454612132769678,86
CUST-2015,29,One Year,Electronic Check,88.43,2515.99,1,25,1,0,993.99,0.034482758620689655,86.75827586206896,1.019268757030036,25
CUST-2016,60,Month-to-Month,Electronic Check,55.99,3139.64,5,17,1,1,100.43,0.08333333333333333,52.32733333333333,1.069995286083755,85
CUST-2017,2,Month-to-Month,Mailed Check,86.78,162.13,5,19,0,1,112.12,2.5,81.065,1.0704989822981559,95
CUST-2018,1,Month-to-Month,Bank Transfer,24.06,24.46,0,33,1,1,15.79,0.0,24.46,0.9836467702371218,33
CUST-2019,47,One Year,Electronic Check,59.08,2900.04,0,6,0,0,623.62,0.0,61.70297872340426,0.95749024151391,6
CUST-2020,69,Month-to-Month,Electronic Check,99.08,6484.73,2,9,0,1,170.45,0.028985507246376812,93.98159420289855,1.0542489818388738,18
CUST-2021,20,Two Year,Credit Card,100.3,2012.42,1,14,0,0,1226.3,0.05,100.62100000000001,0.9968098110732351,14
CUST-2022,11,One Year,Electronic Check,91.61,945.95,1,16,0,0,1219.06,0.09090909090909091,85.99545454545455,1.0652888630477297,16
CUST-2023,2,Month-to-Month,Electronic Check,40.42,84.01,0,10,0,1,20.89,0.0,42.005,0.9622663968575169,10
CUST-2024,67,Two Year,Credit Card,44.72,2999.04,0,33,1,0,548.54,0.0,44.76179104477612,0.9990663679043961,33
CUST-2025,12,Month-to-Month,Credit Card,119.61,1464.6,1,26,0,1,65.28,0.08333333333333333,122.05,0.9800081933633756,26
CUST-2026,20,Two Year,Mailed Check,30.34,550.61,2,20,1,0,360.02,0.1,27.5305,1.1020504531337971,40
CUST-2027,5,Month-to-Month,Mailed Check,38.07,188.4,2,30,0,1,47.1,0.4,37.68,1.0103503184713376,60
CUST-2028,37,Month-to-Month,Electronic Check,33.0,1195.53,0,3,0,0,353.05,0.0,32.31162162162162,1.0213043587362929,3
CUST-2029,38,One Year,Electronic Check,52.77,1892.86,1,40,1,0,623.02,0.02631578947368421,49.81210526315789,1.0593810424437098,40
CUST-2030,9,One Year,Mailed Check,41.02,346.79,0,16,1,0,515.25,0.0,38.532222222222224,1.0645635687303556,16
CUST-2031,53,One Year,Electronic Check,69.77,3649.75,2,19,1,0,820.41,0.03773584905660377,68.86320754716981,1.013168025207206,38
CUST-2032,44,Two Year,Mailed Check,67.6,2992.17,0,24,0,0,758.44,0.0,68.00386363636363,0.9940611663107377,24
CUST-2033,24,One Year,Credit Card,110.15,2392.39,0,39,1,1,170.0,0.0,99.68291666666666,1.1050037828280508,39
CUST-2034,30,One Year,Credit Card,23.47,693.62,0,22,1,0,259.14,0.0,23.12066666666667,1.0151091375681207,22
CUST-2035,59,Two Year,Electronic Check,51.99,2839.1,5,14,0,0,594.66,0.0847457627118644,48.12033898305084,1.0804163291183828,70
CUST-2036,14,One Year,Bank Transfer,79.67,1027.33,3,32,0,1,39.98,0.21428571428571427,73.38071428571428,1.0857076109915997,96
CUST-2037,9,Month-to-Month,Mailed Check,80.48,719.59,2,18,0,1,47.91,0.2222222222222222,79.95444444444445,1.006573187509554,36
CUST-2038,40,Two Year,Credit Card,68.01,2575.21,1,14,0,0,752.52,0.025,64.38025,1.056379868049596,14
CUST-2039,66,Month-to-Month,Electronic Check,101.57,6476.58,1,40,0,1,129.19,0.015151515151515152,98.13,1.035055538571283,40
CUST-2040,25,One Year,Electronic Check,26.27,626.54,2,4,1,0,277.96,0.08,25.0616,1.04821719283685,8
CUST-2041,22,Two Year,Electronic Check,101.55,2227.96,3,15,0,1,176.82,0.13636363636363635,101.27090909090909,1.0027558843067201,45
CUST-2042,4,One Year,Electronic Check,69.48,269.73,1,44,1,1,87.26,0.25,67.4325,1.0303636970303638,44
CUST-2043,26,One Year,Electronic Check,33.38,906.52,1,31,1,1,35.94,0.038461538461538464,34.86615384615384,0.9573754577946434,31
CUST-2044,58,One Year,Bank Transfer,108.57,6000.2,2,21,0,0,1243.25,0.034482758620689655,103.45172413793104,1.0494750174994165,42
CUST-2045,29,Month-to-Month,Bank Transfer,84.92,2489.87,3,42,0,1,147.0,0.10344827586206896,85.85758620689654,0.9890797511516667,126
CUST-2046,37,Two Year,Electronic Check,36.35,1262.36,1,31,0,0,404.32,0.02702702702702703,34.11783783783783,1.0654250768402043,31
CUST-2047,70,Month-to-Month,Mailed Check,23.36,1596.47,2,12,1,1,14.92,0.02857142857142857,22.806714285714285,1.0242597731244558,24
CUST-2048,18,Month-to-Month,Electronic Check,34.11,603.47,1,37,1,1,50.26,0.05555555555555555,33.52611111111111,1.017415944454571,37
CUST-2049,42,Month-to-Month,Credit Card,80.88,3224.96,1,25,0,1,92.01,0.023809523809523808,76.78476190476191,1.053333994840246,25
CUST-2050,41,Month-to-Month,Credit Card,37.93,1509.67,1,16,1,0,429.43,0.024390243902439025,36.82121951219512,1.0301125411513774,16
CUST-2051,38,Month-to-Month,Credit Card,42.58,1524.02,1,4,0,1,79.98,0.02631578947368421,40.10578947368421,1.0616921037781655,4
CUST-2052,34,Two Year,Credit Card,22.51,689.49,1,32,1,0,295.94,0.029411764705882353,20.279117647058825,1.110008847118885,32
CUST-2053,17,Month-to-Month,Electronic Check,92.29,1462.79,1,26,0,1,147.43,0.058823529411764705,86.0464705882353,1.0725599710142946,26
CUST-2054,37,Month-to-Month,Electronic Check,101.04,3757.21,2,4,0,1,59.1,0.05405405405405406,101.54621621621622,0.9950149179843554,8
CUST-2055,25,Month-to-Month,Mailed Check,99.68,2530.99,2,36,0,1,133.61,0.08,101.2396,0.9845949608651161,72
CUST-2056,27,Month-to-Month,Credit Card,32.76,833.24,2,6,0,1,53.5,0.07407407407407407,30.86074074074074,1.061542892803994,12
CUST-2057,57,One Year,Electronic Check,110.33,6044.84,2,17,0,0,1454.1,0.03508771929824561,106.04982456140351,1.0403600426148583,34
CUST-2058,31,Month-to-Month,Electronic Check,87.23,2448.87,1,30,1,1,121.28,0.03225806451612903,78.99580645161289,1.104235831220114,30
CUST-2059,6,Month-to-Month,Credit Card,109.75,616.07,2,5,0,1,202.86,0.3333333333333333,102.67833333333334,1.0688720437612609,10
CUST-2060,40,Month-to-Month,Electronic Check,64.72,2632.51,0,1,0,1,51.59,0.0,65.81275000000001,0.9833960744688528,1
CUST-2061,12,Month-to-Month,Mailed Check,63.7,757.44,0,12,0,1,41.24,0.0,63.120000000000005,1.0091888466413181,12
CUST-2062,53,Month-to-Month,Bank Transfer,98.45,4857.12,2,41,1,1,151.22,0.03773584905660377,91.64377358490566,1.074268290674309,82
CUST-2063,71,Month-to-Month,Electronic Check,29.33,1954.6,1,10,1,1,50.87,0.014084507042253521,27.52957746478873,1.0653995702445513,10
CUST-2064,10,One Year,Electronic Check,72.09,737.13,1,25,1,1,128.01,0.1,73.713,0.9779821741076881,25
CUST-2065,45,Two Year,Bank Transfer,103.64,4343.69,5,20,0,0,1362.56,0.1111111111111111,96.52644444444444,1.0736954064401467,100
CUST-2066,17,Month-to-Month,Bank Transfer,103.02,1663.99,1,1,0,1,180.27,0.058823529411764705,97.88176470588235,1.0524943058552034,1
CUST-2067,26,Two Year,Credit Card,115.61,3004.82,0,39,1,0,1368.3,0.0,115.57000000000001,1.000346110582331,39
CUST-2068,62,Month-to-Month,Electronic Check,89.83,5481.28,0,19,0,1,56.69,0.0,88.40774193548387,1.0160874832155993,19
CUST-2069,46,Month-to-Month,Electronic Check,40.78,1817.97,2,16,0,1,67.0,0.043478260869565216,39.52108695652174,1.0318542110155833,32
CUST-2070,64,Two Year,Bank Transfer,22.03,1459.21,2,15,0,0,242.18,0.03125,22.80015625,0.9662214485920464,30
CUST-2071,2,Month-to-Month,Mailed Check,67.94,126.77,1,41,1,1,58.08,0.5,63.385,1.0718624280192475,41
CUST-2072,54,Two Year,Electronic Check,71.37,3897.19,0,4,1,0,930.48,0.0,72.17018518518519,0.9889125241520172,4
CUST-2073,65,Month-to-Month,Bank Transfer,44.03,2644.04,6,13,1,1,42.79,0.09230769230769231,40.67753846153846,1.082415545907021,78
CUST-2074,51,Month-to-Month,Electronic Check,32.47,1643.32,2,23,0,1,31.9,0.0392156862745098,32.22196078431372,1.007697831219726,46
CUST-2075,53,Month-to-Month,Electronic Check,78.62,4294.34,2,3,0,1,59.27,0.03773584905660377,81.02528301886792,0.9703144138563785,6
CUST-2076,36,One Year,Electronic Check,96.43,3362.77,1,23,1,1,90.72,0.027777777777777776,93.41027777777778,1.032327515708776,23
CUST-2077,26,One Year,Electronic Check,119.32,3129.14,2,8,0,1,63.18,0.07692307692307693,120.35153846153845,0.9914289549205213,16
CUST-2078,29,One Year,Mailed Check,95.83,2843.15,0,2,0,0,1192.47,0.0,98.0396551724138,0.9774616182755042,2
CUST-2079,21,Month-to-Month,Mailed Check,99.36,1920.48,4,8,0,1,164.23,0.19047619047619047,91.45142857142858,1.0864783804048987,32
CUST-2080,11,Month-to-Month,Bank Transfer,81.65,903.43,1,17,0,1,146.43,0.09090909090909091,82.13,0.9941556069645685,17
CUST-2081,40,Month-to-Month,Credit Card,118.59,4923.74,2,35,0,1,205.24,0.05,123.09349999999999,0.963413990178198,70
CUST-2082,11,Month-to-Month,Electronic Check,84.0,911.48,0,18,0,1,94.47,0.0,82.86181818181818,1.013735902049414,18
CUST-2083,36,Two Year,Electronic Check,106.03,3541.94,0,23,0,0,1282.41,0.0,98.38722222222222,1.0776805931212838,23
CUST-2084,59,Month-to-Month,Electronic Check,114.58,6212.92,1,3,0,1,106.77,0.01694915254237288,105.30372881355932,1.08809062405439,3
CUST-2085,39,Two Year,Electronic Check,112.99,4137.63,0,8,1,0,1277.23,0.0,106.09307692307692,1.065008229348685,8
CUST-2086,54,Two Year,Bank Transfer,58.14,2874.35,3,32,0,1,88.02,0.05555555555555555,53.2287037037037,1.0922678170716857,96
CUST-2087,55,Month-to-Month,Bank Transfer,27.87,1497.61,3,0,0,1,41.06,0.05454545454545454,27.229272727272726,1.0235308257824134,0
CUST-2088,24,One Year,Bank Transfer,37.19,812.64,2,34,1,1,63.31,0.08333333333333333,33.86,1.0983461311281748,68
CUST-2089,22,Month-to-Month,Electronic Check,25.92,532.33,2,9,1,1,36.91,0.09090909090909091,24.196818181818184,1.0712152236394716,18
CUST-2090,69,Month-to-Month,Electronic Check,30.54,2035.58,1,11,0,0,384.07,0.014492753623188406,29.501159420289856,1.0352135509289735,11
CUST-2091,56,Month-to-Month,Mailed Check,38.47,2092.03,2,17,1,1,68.47,0.03571428571428571,37.35767857142857,1.0297749076256075,34
CUST-2092,33,One Year,Electronic Check,54.11,1758.51,1,13,0,0,603.66,0.030303030303030304,53.28818181818182,1.0154221471586742,13
CUST-2093,36,Month-to-Month,Bank Transfer,74.35,2692.24,2,9,0,1,127.24,0.05555555555555555,74.78444444444443,0.9941907110807359,18
CUST-2094,20,Month-to-Month,Credit Card,91.17,1653.98,3,9,0,1,151.45,0.15,82.699,1.102431710177874,27
CUST-2095,62,Month-to-Month,Electronic Check,41.09,2323.63,3,17,0,1,38.9,0.04838709677419355,37.47790322580645,1.0963793719309873,51
CUST-2096,26,Month-to-Month,Bank Transfer,87.25,2062.36,2,23,1,1,53.38,0.07692307692307693,79.32153846153847,1.099953451385791,46
CUST-2097,66,One Year,Mailed Check,90.43,5750.37,2,0,0,0,1018.99,0.030303030303030304,87.12681818181818,1.0379123430318398,0
CUST-2098,40,One Year,Electronic Check,75.86,2750.01,3,29,0,1,48.5,0.075,68.75025000000001,1.1034141694030202,87
CUST-2099,17,Month-to-Month,Mailed Check,110.36,1898.47,0,14,1,1,95.47,0.0,111.67470588235294,0.9882273620336376,14
CUST-2100,1,Month-to-Month,Electronic Check,31.1,29.03,2,7,0,1,36.99,2.0,29.03,1.07130554598691,14
CUST-2101,61,One Year,Electronic Check,37.71,2394.35,1,34,1,0,444.85,0.01639344262295082,39.251639344262294,0.9607242048990332,34
CUST-2102,43,Month-to-Month,Bank Transfer,62.87,2630.31,2,17,1,1,113.67,0.046511627906976744,61.17,1.0277914010135687,34
CUST-2103,42,One Year,Credit Card,32.67,1326.79,1,40,0,0,369.84,0.023809523809523808,31.590238095238096,1.0341802395254713,40
CUST-2104,25,Month-to-Month,Electronic Check,76.63,1948.47,3,15,1,1,41.09,0.12,77.9388,0.9832073370388047,45
CUST-2105,39,Month-to-Month,Electronic Check,59.84,2350.03,5,20,0,1,60.56,0.1282051282051282,60.25717948717949,0.9930766841274367,100
CUST-2106,35,Month-to-Month,Credit Card,48.46,1681.0,2,14,0,1,73.83,0.05714285714285714,48.02857142857143,1.008982748364069,28
CUST-2107,3,Month-to-Month,Credit Card,37.0,115.47,2,4,0,1,25.66,0.6666666666666666,38.49,0.9612886464016627,8
CUST-2108,44,One Year,Bank Transfer,53.53,2268.97,1,44,0,0,633.77,0.022727272727272728,51.567499999999995,1.0380569156930237,44
CUST-2109,51,Month-to-Month,Electronic Check,80.8,4208.49,1,6,0,1,151.25,0.0196078431372549,82.51941176470588,0.9791635479708874,6
CUST-2110,12,One Year,Credit Card,77.58,890.94,0,6,0,1,80.0,0.0,74.245,1.0449188497541921,6
CUST-2111,19,Two Year,Electronic Check,36.36,708.63,5,26,0,1,56.68,0.2631578947368421,37.29631578947368,0.9748952203547692,130
CUST-2112,44,Month-to-Month,Bank Transfer,32.49,1342.24,3,24,0,1,23.47,0.06818181818181818,30.505454545454544,1.0650554297294077,72
CUST-2113,59,One Year,Electronic Check,22.67,1261.81,2,21,1,0,255.11,0.03389830508474576,21.386610169491526,1.0600090346407145,42
CUST-2114,49,Month-to-Month,Bank Transfer,21.24,1042.51,1,12,1,1,11.3,0.02040816326530612,21.275714285714287,0.998321359027731,12
CUST-2115,61,Month-to-Month,Electronic Check,107.98,6138.27,4,16,1,1,78.41,0.06557377049180328,100.62737704918034,1.0730678187828167,64
CUST-2116,17,One Year,Mailed Check,24.51,389.33,1,40,1,1,38.35,0.058823529411764705,22.901764705882353,1.0702232039657875,40
CUST-2117,57,Month-to-Month,Electronic Check,93.12,5020.1,4,43,0,1,145.99,0.07017543859649122,88.07192982456141,1.0573175833150734,172
CUST-2118,55,One Year,Electronic Check,107.2,5906.84,1,12,0,0,1180.08,0.01818181818181818,107.3970909090909,0.9981648394065186,12
CUST-2119,47,Month-to-Month,Bank Transfer,29.81,1447.88,1,25,0,1,36.25,0.02127659574468085,30.805957446808513,0.967669972649667,25
CUST-2120,12,One Year,Credit Card,63.63,764.46,0,8,1,0,827.38,0.0,63.705000000000005,0.9988226983753237,8
CUST-2121,62,Two Year,Credit Card,116.23,7380.45,2,4,0,0,1468.65,0.03225806451612903,119.03951612903225,0.976398458088599,8
CUST-2122,8,Two Year,Electronic Check,103.41,812.0,2,38,0,1,201.62,0.25,101.5,1.0188177339901479,76
CUST-2123,21,One Year,Bank Transfer,68.97,1318.51,2,32,1,1,126.42,0.09523809523809523,62.78619047619048,1.0984899621542499,64
CUST-2124,70,One Year,Bank Transfer,96.26,6165.92,1,3,1,1,162.85,0.014285714285714285,88.08457142857144,1.0928134001089862,3
CUST-2125,25,One Year,Electronic Check,103.34,2539.99,1,27,0,1,159.36,0.04,101.5996,1.017129988700743,27
CUST-2126,12,One Year,Electronic Check,54.8,624.17,4,25,0,1,74.6,0.3333333333333333,52.01416666666666,1.0535591265200186,100
CUST-2127,15,Month-to-Month,Bank Transfer,109.22,1528.67,2,3,1,1,74.37,0.13333333333333333,101.91133333333333,1.0717159360751503,6
CUST-2128,59,Month-to-Month,Credit Card,67.05,3837.03,1,15,0,1,50.18,0.01694915254237288,65.03440677966103,1.0309927209325962,15
CUST-2129,26,Month-to-Month,Bank Transfer,72.78,1892.23,2,36,0,1,125.94,0.07692307692307693,72.77807692307692,1.0000264238491092,72
CUST-2130,26,Two Year,Mailed Check,119.97,2987.43,3,21,0,1,204.55,0.11538461538461539,114.90115384615385,1.0441148411845633,63
CUST-2131,47,Month-to-Month,Mailed Check,104.33,5003.45,3,35,0,1,148.32,0.06382978723404255,106.4563829787234,0.9800257822102749,105
CUST-2132,32,Month-to-Month,Electronic Check,56.18,1817.14,2,37,1,1,65.07,0.0625,56.785625,0.9893348888913347,74
CUST-2133,10,Month-to-Month,Bank Transfer,21.03,212.45,0,34,0,1,11.34,0.0,21.244999999999997,0.9898799717580609,34
CUST-2134,16,One Year,Bank Transfer,82.62,1385.08,2,24,0,1,81.86,0.125,86.5675,0.954399745863055,48
CUST-2135,71,One Year,Electronic Check,90.39,6060.13,2,7,0,0,1170.79,0.028169014084507043,85.35394366197183,1.0590020346098186,14
CUST-2136,17,Month-to-Month,Credit Card,85.08,1441.6,1,16,0,1,104.54,0.058823529411764705,84.8,1.0033018867924528,16
CUST-2137,23,Month-to-Month,Electronic Check,116.79,2762.25,1,17,0,1,221.2,0.043478260869565216,120.09782608695652,0.9724572359489547,17
CUST-2138,26,Two Year,Credit Card,106.3,2727.67,5,11,1,0,1406.15,0.19230769230769232,104.91038461538461,1.0132457372042805,55
CUST-2139,7,Month-to-Month,Electronic Check,64.88,462.53,0,32,0,1,82.94,0.0,66.07571428571428,0.9819038765053077,32
CUST-2140,14,Month-to-Month,Electronic Check,26.29,354.14,3,22,0,1,27.65,0.21428571428571427,25.295714285714286,1.0393064889591686,66
CUST-2141,7,One Year,Electronic Check,67.61,467.86,1,11,1,1,134.22,0.14285714285714285,66.83714285714287,1.0115632881631256,11
CUST-2142,9,Two Year,Mailed Check,88.92,726.93,0,10,0,0,1057.63,0.0,80.77,1.1009038009161818,10
CUST-2143,48,Month-to-Month,Electronic Check,80.77,4062.53,1,12,0,1,93.55,0.020833333333333332,84.63604166666667,0.9543215680868817,12
CUST-2144,59,One Year,Mailed Check,73.81,4441.9,0,34,1,0,809.68,0.0,75.2864406779661,0.9803890227155047,34
CUST-2145,39,Two Year,Mailed Check,66.88,2687.41,0,26,0,0,872.26,0.0,68.90794871794871,0.9705701772338422,26
CUST-2146,18,Month-to-Month,Bank Transfer,49.38,892.52,3,24,0,1,37.07,0.16666666666666666,49.58444444444444,0.9958768430959531,72
CUST-2147,59,Two Year,Electronic Check,47.73,2613.05,1,39,0,0,508.72,0.01694915254237288,44.28898305084746,1.0776946480166854,39
CUST-2148,17,One Year,Mailed Check,70.02,1076.85,1,2,1,1,58.77,0.058823529411764705,63.344117647058816,1.105390722941914,2
CUST-2149,14,One Year,Electronic Check,36.06,519.83,0,24,0,1,52.45,0.0,37.13071428571429,0.9711636496546947,24
CUST-2150,31,One Year,Bank Transfer,54.07,1608.2,5,44,0,0,724.87,0.16129032258064516,51.877419354838715,1.0422646437010321,220
CUST-2151,24,Month-to-Month,Electronic Check,52.4,1181.62,1,9,0,1,88.0,0.041666666666666664,49.23416666666666,1.0643015521064303,9
CUST-2152,60,Month-to-Month,Credit Card,78.71,4648.22,2,16,0,1,71.61,0.03333333333333333,77.47033333333334,1.0160018243542688,32
CUST-2153,45,Month-to-Month,Bank Transfer,26.67,1155.91,1,2,0,1,25.21,0.022222222222222223,25.68688888888889,1.038272875915945,2
CUST-2154,3,Month-to-Month,Mailed Check,102.97,308.21,2,44,0,1,62.19,0.6666666666666666,102.73666666666666,1.002271178741767,88
CUST-2155,37,Month-to-Month,Mailed Check,76.24,2743.5,0,21,0,1,70.81,0.0,74.14864864864865,1.028204847822125,21
CUST-2156,43,Two Year,Electronic Check,87.08,3761.61,2,37,0,1,55.64,0.046511627906976744,87.4793023255814,0.9954354651332806,74
CUST-2157,40,Two Year,Electronic Check,90.31,3713.6,2,13,0,0,1221.6,0.05,92.84,0.9727488151658767,26
CUST-2158,55,One Year,Credit Card,49.15,2512.22,2,26,0,0,619.41,0.03636363636363636,45.67672727272727,1.0760403149405706,52
CUST-2159,39,Two Year,Credit Card,67.04,2482.3,1,41,0,0,900.32,0.02564102564102564,63.64871794871795,1.0532812311163036,41
CUST-2160,15,One Year,Electronic Check,115.62,1674.51,2,19,0,1,68.13,0.13333333333333333,111.634,1.0357059677159288,38
CUST-2161,4,Month-to-Month,Mailed Check,96.67,403.81,0,17,1,1,97.63,0.0,100.9525,0.9575790594586563,17
CUST-2162,25,Month-to-Month,Bank Transfer,116.96,2791.84,4,12,1,1,109.04,0.16,111.67360000000001,1.0473379563298755,48
CUST-2163,13,Month-to-Month,Bank Transfer,94.63,1177.49,1,41,0,1,62.12,0.07692307692307693,90.57615384615384,1.0447562187364647,41
CUST-2164,33,One Year,Electronic Check,37.56,1237.03,3,5,0,1,39.2,0.09090909090909091,37.485757575757575,1.0019805501887586,15
CUST-2165,16,Month-to-Month,Electronic Check,26.45,407.49,2,9,0,1,25.1,0.125,25.468125,1.0385530933274436,18
CUST-2166,42,One Year,Electronic Check,77.77,3405.76,2,36,0,1,112.9,0.047619047619047616,81.08952380952381,0.9590634689467255,72
CUST-2167,66,Month-to-Month,Credit Card,55.78,3807.28,3,28,0,1,101.8,0.045454545454545456,57.68606060606061,0.9669580382845496,84
CUST-2168,55,One Year,Mailed Check,47.55,2555.13,1,5,0,0,644.18,0.01818181818181818,46.45690909090909,1.0235291355038685,5
CUST-2169,42,Two Year,Mailed Check,100.72,4216.35,4,38,1,1,163.17,0.09523809523809523,100.38928571428572,1.0032943185456615,152
CUST-2170,34,One Year,Credit Card,56.7,1751.8,1,10,0,0,579.92,0.029411764705882353,51.523529411764706,1.100468089964608,10
CUST-2171,30,Two Year,Bank Transfer,51.7,1557.76,1,24,0,0,546.77,0.03333333333333333,51.925333333333334,0.9956604354971241,24
CUST-2172,13,Two Year,Credit Card,105.0,1373.3,2,43,1,1,76.53,0.15384615384615385,105.63846153846154,0.9939561639845627,86
CUST-2173,13,Two Year,Mailed Check,104.63,1297.46,1,43,1,1,82.46,0.07692307692307693,99.80461538461539,1.0483483113159557,43
CUST-2174,18,Two Year,Electronic Check,55.64,934.37,2,29,0,0,610.3,0.1111111111111111,51.909444444444446,1.071866605306249,58
CUST-2175,32,Two Year,Credit Card,103.25,3427.11,3,19,0,0,1138.84,0.09375,107.0971875,0.9640776047456895,57
CUST-2176,39,One Year,Mailed Check,105.08,3950.61,2,36,0,1,139.61,0.05128205128205128,101.29769230769232,1.0373385375929285,72
CUST-2177,46,Month-to-Month,Electronic Check,62.39,2864.36,1,15,0,1,123.66,0.021739130434782608,62.26869565217392,1.0019480791520619,15
CUST-2178,29,Month-to-Month,Electronic Check,26.65,699.43,1,30,0,1,45.04,0.034482758620689655,24.118275862068963,1.1049711908268163,30
CUST-2179,62,One Year,Electronic Check,20.16,1202.56,1,28,0,0,220.7,0.016129032258064516,19.396129032258063,1.0393826503459287,28
CUST-2180,62,Month-to-Month,Mailed Check,72.33,4585.76,3,5,0,1,98.64,0.04838709677419355,73.96387096774194,0.977909877533931,15
CUST-2181,57,Month-to-Month,Credit Card,54.41,2971.54,2,28,1,1,78.08,0.03508771929824561,52.13228070175438,1.0436911500434118,56
CUST-2182,16,Two Year,Credit Card,119.71,1897.11,1,31,1,1,207.59,0.0625,118.569375,1.009619895525299,31
CUST-2183,56,Two Year,Credit Card,97.24,5072.31,1,8,0,0,1038.47,0.017857142857142856,90.5769642857143,1.0735621442695733,8
CUST-2184,10,Two Year,Electronic Check,96.13,925.23,0,36,0,1,130.15,0.0,92.523,1.0389849010516303,36
CUST-2185,30,Month-to-Month,Electronic Check,115.52,3601.26,2,22,0,1,173.72,0.06666666666666667,120.042,0.96232985121874,44
CUST-2186,25,Month-to-Month,Electronic Check,108.77,2678.37,1,15,0,1,176.09,0.04,107.1348,1.015263014445353,15
CUST-2187,5,Month-to-Month,Credit Card,51.82,268.24,2,17,0,1,36.26,0.4,53.648,0.9659260363853265,34
CUST-2188,65,Month-to-Month,Electronic Check,36.6,2462.99,3,18,1,1,29.31,0.046153846153846156,37.892153846153846,0.965899171332405,54
CUST-2189,49,Month-to-Month,Bank Transfer,94.59,4827.83,2,43,1,1,144.99,0.04081632653061224,98.52714285714285,0.9600400179790922,86
CUST-2190,3,Month-to-Month,Bank Transfer,57.83,179.44,2,1,1,1,102.69,0.6666666666666666,59.81333333333333,0.96684128399465,2
CUST-2191,45,Two Year,Mailed Check,67.32,2727.95,1,9,1,0,835.8,0.022222222222222223,60.621111111111105,1.1105042247841785,9
CUST-2192,14,One Year,Electronic Check,83.04,1209.18,3,11,1,1,163.58,0.21428571428571427,86.37,0.9614449461618618,33
CUST-2193,30,Month-to-Month,Credit Card,110.79,3059.86,0,17,0,1,91.3,0.0,101.99533333333333,1.0862261672102647,17
CUST-2194,68,Month-to-Month,Credit Card,61.91,3814.1,2,18,1,0,846.11,0.029411764705882353,56.08970588235294,1.1037675991714953,36
CUST-2195,18,Month-to-Month,Electronic Check,98.33,1607.65,4,37,0,1,105.0,0.2222222222222222,89.3138888888889,1.1009485895561844,148
CUST-2196,62,Month-to-Month,Mailed Check,46.83,2765.07,1,36,0,1,88.76,0.016129032258064516,44.597903225806455,1.0500493658388395,36
CUST-2197,37,Two Year,Credit Card,89.8,3299.74,1,26,0,0,935.44,0.02702702702702703,89.18216216216216,1.0069278185554014,26
CUST-2198,25,Month-to-Month,Electronic Check,20.16,484.01,1,13,1,1,24.32,0.04,19.3604,1.041300799570257,13
CUST-2199,48,Month-to-Month,Mailed Check,107.15,4648.59,3,44,0,1,83.67,0.0625,96.845625,1.106400005162856,132
CUST-2200,65,Month-to-Month,Electronic Check,23.04,1454.88,1,33,0,1,29.53,0.015384615384615385,22.38276923076923,1.0293632464533158,33
CUST-2201,53,Month-to-Month,Mailed Check,91.28,4674.9,2,1,0,1,163.04,0.03773584905660377,88.20566037735848,1.0348542214806735,2
CUST-2202,15,One Year,Electronic Check,24.63,374.45,0,43,0,0,331.98,0.0,24.96333333333333,0.9866470823875018,43
CUST-2203,49,One Year,Mailed Check,46.62,2151.75,1,32,0,1,80.01,0.02040816326530612,43.91326530612245,1.0616382014639247,32
CUST-2204,68,One Year,Electronic Check,69.72,4421.56,3,18,1,0,765.98,0.04411764705882353,65.0229411764706,1.072236948045486,54
CUST-2205,12,Month-to-Month,Mailed Check,61.99,698.05,3,26,1,1,37.78,0.25,58.17083333333333,1.0656543227562496,78
CUST-2206,59,One Year,Credit Card,39.18,2185.78,3,29,1,1,64.05,0.05084745762711865,37.0471186440678,1.0575721252825077,87
CUST-2207,37,One Year,Credit Card,53.38,1955.06,1,6,0,0,599.26,0.02702702702702703,52.839459459459455,1.0102298650680799,6
CUST-2208,61,Two Year,Credit Card,92.77,5493.33,3,26,0,0,1154.54,0.04918032786885246,90.05459016393442,1.0301529309180406,78
CUST-2209,43,Month-to-Month,Bank Transfer,86.93,3553.09,1,20,0,1,121.85,0.023255813953488372,82.63000000000001,1.0520392109403365,20
CUST-2210,70,Month-to-Month,Electronic Check,27.18,1819.17,2,6,0,1,42.36,0.02857142857142857,25.988142857142858,1.0458615742344035,12
CUST-2211,39,One Year,Electronic Check,94.73,3530.58,2,24,0,1,103.46,0.05128205128205128,90.5276923076923,1.0464201349353364,48
CUST-2212,56,One Year,Credit Card,25.3,1481.78,2,37,1,0,277.58,0.03571428571428571,26.46035714285714,0.9561473363117333,74
CUST-2213,63,Month-to-Month,Electronic Check,74.29,4375.82,4,17,0,1,138.41,0.06349206349206349,69.45746031746032,1.0695755309861923,68
CUST-2214,46,Month-to-Month,Electronic Check,46.01,2164.52,4,32,1,1,73.44,0.08695652173913043,47.05478260869565,0.9777964629571452,128
CUST-2215,11,Month-to-Month,Bank Transfer,78.77,871.87,1,32,1,1,71.48,0.09090909090909091,79.2609090909091,0.9938064160941423,32
CUST-2216,62,Two Year,Electronic Check,46.13,2576.44,0,31,0,0,483.09,0.0,41.55548387096774,1.1100821288289269,31
CUST-2217,25,Month-to-Month,Electronic Check,118.5,3107.59,2,24,1,1,64.19,0.08,124.3036,0.9533110867263699,48
CUST-2218,71,Two Year,Credit Card,50.97,3667.6,2,13,1,0,637.64,0.028169014084507043,51.65633802816901,0.9867133820482059,26
CUST-2219,52,Month-to-Month,Credit Card,44.2,2303.84,1,37,0,1,56.74,0.019230769230769232,44.30461538461539,0.9976387249114521,37
CUST-2220,4,Two Year,Mailed Check,47.85,183.9,4,37,0,1,61.05,1.0,45.975,1.0407830342577489,148
CUST-2221,59,Two Year,Credit Card,109.65,6361.19,4,3,0,0,1505.84,0.06779661016949153,107.81677966101694,1.017003107909055,12
CUST-2222,20,Month-to-Month,Bank Transfer,83.62,1568.7,2,43,0,1,139.24,0.1,78.435,1.0661056926117167,86
CUST-2223,63,Two Year,Bank Transfer,93.07,5308.28,3,17,0,0,1048.47,0.047619047619047616,84.2584126984127,1.1045781307692886,51
CUST-2224,54,Month-to-Month,Electronic Check,111.8,6190.56,3,9,0,1,153.23,0.05555555555555555,114.64,0.9752267969295184,27
CUST-2225,57,Two Year,Electronic Check,111.19,6556.31,1,34,0,0,1342.12,0.017543859649122806,115.02298245614035,0.9666763774135145,34
CUST-2226,41,One Year,Bank Transfer,93.89,3558.36,2,34,0,1,106.82,0.04878048780487805,86.78926829268293,1.0818157803032857,68
CUST-2227,3,Month-to-Month,Credit Card,39.78,121.5,1,39,0,1,32.27,0.3333333333333333,40.5,0.9822222222222222,39
CUST-2228,6,One Year,Bank Transfer,104.34,633.03,1,22,0,1,151.24,0.16666666666666666,105.505,0.9889578692952942,22
CUST-2229,5,Two Year,Electronic Check,40.38,187.11,1,24,0,1,45.97,0.2,37.422000000000004,1.0790444123777456,24
CUST-2230,5,Month-to-Month,Electronic Check,94.29,454.14,2,0,0,1,49.42,0.4,90.828,1.0381159994715285,0
CUST-2231,54,One Year,Credit Card,88.56,4607.28,2,17,0,1,48.02,0.037037037037037035,85.32,1.037974683544304,34
CUST-2232,47,One Year,Electronic Check,95.89,4569.9,0,14,1,0,1229.63,0.0,97.23191489361702,0.9861988227313508,14
CUST-2233,49,Two Year,Mailed Check,73.27,3682.32,1,24,0,0,945.45,0.02040816326530612,75.14938775510204,0.9749913098264137,24
CUST-2234,9,Month-to-Month,Electronic Check,83.87,690.08,1,31,0,1,115.54,0.1111111111111111,76.67555555555556,1.093829700904243,31
CUST-2235,20,Month-to-Month,Electronic Check,115.33,2270.72,1,19,0,1,128.28,0.05,113.53599999999999,1.0158011555806088,19
CUST-2236,61,Month-to-Month,Bank Transfer,30.11,1862.91,1,16,0,1,44.61,0.01639344262295082,30.539508196721314,0.9859359818778147,16
CUST-2237,35,One Year,Bank Transfer,50.88,1812.73,2,10,0,0,687.16,0.05714285714285714,51.79228571428572,0.9823856834718905,20
CUST-2238,50,Month-to-Month,Electronic Check,81.14,3741.36,0,12,0,1,104.92,0.0,74.8272,1.0843650437274146,12
CUST-2239,62,Two Year,Electronic Check,116.41,7064.6,1,24,1,0,1321.53,0.016129032258064516,113.94516129032259,1.021631797978654,24
CUST-2240,17,Month-to-Month,Credit Card,29.56,516.91,2,19,1,1,48.17,0.11764705882352941,30.406470588235294,0.9721614981331372,38
CUST-2241,3,One Year,Electronic Check,22.25,63.26,2,24,0,0,237.53,0.6666666666666666,21.086666666666666,1.0551691432184636,48
CUST-2242,32,Month-to-Month,Mailed Check,25.57,788.59,1,41,1,1,20.99,0.03125,24.6434375,1.0375987522032994,41
CUST-2243,13,Month-to-Month,Credit Card,25.24,334.9,1,44,0,1,43.94,0.07692307692307693,25.76153846153846,0.979755150791281,44
CUST-2244,68,Month-to-Month,Electronic Check,110.78,6880.66,1,30,1,1,205.86,0.014705882352941176,101.18617647058824,1.0948135789299283,30
CUST-2245,14,Month-to-Month,Credit Card,92.13,1327.13,2,0,0,1,100.34,0.14285714285714285,94.795,0.9718867028851732,0
CUST-2246,11,One Year,Electronic Check,87.71,913.36,0,15,0,1,85.14,0.0,83.03272727272727,1.0563304721030042,15
CUST-2247,56,Two Year,Mailed Check,72.26,3642.78,1,27,0,0,914.71,0.017857142857142856,65.04964285714286,1.1108439159103762,27
CUST-2248,67,One Year,Electronic Check,98.2,6152.55,2,20,0,0,1269.18,0.029850746268656716,91.82910447761195,1.069377737686,40
CUST-2249,29,Two Year,Credit Card,35.56,941.96,3,29,1,0,371.89,0.10344827586206896,32.48137931034483,1.09478109473863,87
CUST-2250,9,Two Year,Electronic Check,59.19,486.82,0,2,0,0,784.89,0.0,54.09111111111111,1.0942648206729386,2
CUST-2251,67,One Year,Electronic Check,69.0,4641.15,1,33,0,0,909.8,0.014925373134328358,69.27089552238806,0.9960893313079733,33
CUST-2252,25,Two Year,Credit Card,31.04,723.31,1,5,0,0,369.41,0.04,28.932399999999998,1.072845667832603,5
CUST-2253,42,One Year,Mailed Check,61.95,2706.53,1,42,0,0,756.88,0.023809523809523808,64.44119047619049,0.961341644097793,42
CUST-2254,9,Month-to-Month,Mailed Check,51.65,454.38,1,28,0,1,69.69,0.1111111111111111,50.486666666666665,1.0230423874290242,28
CUST-2255,40,One Year,Electronic Check,23.56,913.2,2,2,1,0,297.71,0.05,22.830000000000002,1.03197547087166,4
CUST-2256,25,Month-to-Month,Bank Transfer,33.67,812.41,3,32,1,1,39.92,0.12,32.4964,1.0361147696360213,96
CUST-2257,5,One Year,Electronic Check,96.4,483.87,1,10,0,1,165.99,0.2,96.774,0.9961353256039845,10
CUST-2258,11,One Year,Electronic Check,21.8,232.09,0,44,0,1,21.08,0.0,21.099090909090908,1.033219871601534,44
CUST-2259,59,Month-to-Month,Mailed Check,113.43,6152.23,1,4,0,1,154.61,0.01694915254237288,104.2750847457627,1.0877958073739118,4
CUST-2260,38,Month-to-Month,Electronic Check,28.64,1123.17,1,31,1,1,23.28,0.02631578947368421,29.557105263157897,0.9689717496015741,31
CUST-2261,5,Two Year,Credit Card,99.92,481.74,2,17,1,0,1215.41,0.4,96.348,1.0370739402997469,34
CUST-2262,48,One Year,Credit Card,109.86,4804.49,3,19,0,1,196.24,0.0625,100.09354166666667,1.0975733116314115,57
CUST-2263,18,Month-to-Month,Bank Transfer,114.11,2011.68,1,38,1,1,94.02,0.05555555555555555,111.76,1.0210272011453114,38
CUST-2264,70,One Year,Credit Card,106.75,7450.84,4,39,0,0,1376.65,0.05714285714285714,106.44057142857143,1.002907054775032,156
CUST-2265,37,One Year,Bank Transfer,48.76,1698.29,1,27,0,1,45.07,0.02702702702702703,45.89972972972973,1.0623156233623232,27
CUST-2266,60,Month-to-Month,Electronic Check,53.31,3262.74,1,12,1,1,29.41,0.016666666666666666,54.379,0.9803416760146381,12
CUST-2267,48,Two Year,Bank Transfer,62.65,3008.6,4,25,0,0,714.14,0.08333333333333333,62.67916666666667,0.9995346672871103,100
CUST-2268,28,One Year,Electronic Check,33.93,947.71,4,15,0,0,463.95,0.14285714285714285,33.846785714285716,1.0024585579976997,60
CUST-2269,69,Month-to-Month,Electronic Check,22.23,1477.31,1,24,1,1,19.85,0.014492753623188406,21.410289855072463,1.0382858032505027,24
CUST-2270,40,Two Year,Credit Card,106.91,4465.79,4,9,0,0,1098.25,0.1,111.64475,0.9575909301601732,36
CUST-2271,45,Two Year,Mailed Check,75.41,3193.67,4,28,0,0,1029.1,0.08888888888888889,70.97044444444444,1.0625549915927444,112
CUST-2272,62,Month-to-Month,Credit Card,80.87,4947.03,2,37,1,1,82.3,0.03225806451612903,79.7908064516129,1.0135252868893054,74
CUST-2273,58,Month-to-Month,Electronic Check,112.7,6185.97,1,19,1,1,136.64,0.017241379310344827,106.6546551724138,1.056681490534225,19
CUST-2274,67,Month-to-Month,Bank Transfer,86.51,5864.11,0,25,1,1,95.65,0.0,87.52402985074626,0.9884142691729864,25
CUST-2275,56,One Year,Electronic Check,89.09,4525.9,2,31,0,1,171.14,0.03571428571428571,80.81964285714285,1.1023310280828125,62
CUST-2276,40,One Year,Bank Transfer,98.7,3580.38,1,38,0,0,1228.52,0.025,89.5095,1.1026762522413822,38
CUST-2277,40,One Year,Bank Transfer,31.63,1292.57,1,37,1,0,392.83,0.025,32.31425,0.9788251313275103,37
CUST-2278,33,Two Year,Mailed Check,56.02,1784.22,3,23,0,1,58.73,0.09090909090909091,54.06727272727273,1.0361166223896157,69
CUST-2279,6,One Year,Electronic Check,116.82,666.7,3,30,0,1,175.73,0.5,111.11666666666667,1.0513274336283185,90
CUST-2280,19,Month-to-Month,Electronic Check,112.29,2114.58,1,39,0,1,173.61,0.05263157894736842,111.29368421052631,1.0089521323383368,39
CUST-2281,40,Month-to-Month,Electronic Check,108.41,4359.32,4,11,0,1,204.47,0.1,108.98299999999999,0.9947422992576824,44
CUST-2282,59,Month-to-Month,Bank Transfer,65.21,3578.77,0,35,0,1,118.85,0.0,60.65711864406779,1.0750593080862978,35
CUST-2283,59,Month-to-Month,Credit Card,105.72,5787.23,1,9,1,1,98.58,0.01694915254237288,98.08864406779661,1.0778006058165996,9
CUST-2284,48,One Year,Electronic Check,24.84,1244.45,4,5,1,0,301.91,0.08333333333333333,25.926041666666666,0.9581100084374623,20
CUST-2285,41,Two Year,Bank Transfer,34.85,1412.35,1,6,0,0,474.22,0.024390243902439025,34.447560975609754,1.011682656565299,6
CUST-2286,13,Month-to-Month,Credit Card,61.4,765.09,4,30,1,1,115.11,0.3076923076923077,58.85307692307693,1.0432759544628736,120
CUST-2287,45,One Year,Mailed Check,68.34,3137.47,1,26,1,0,697.55,0.022222222222222223,69.72155555555555,0.9801846710884886,26
CUST-2288,53,One Year,Bank Transfer,46.35,2404.41,4,7,1,0,485.6,0.07547169811320754,45.36622641509434,1.021685153530388,28
CUST-2289,42,Month-to-Month,Credit Card,55.65,2188.3,0,2,0,1,102.91,0.0,52.102380952380955,1.0680893844536854,2
CUST-2290,63,Month-to-Month,Electronic Check,36.28,2127.95,1,39,0,1,37.65,0.015873015873015872,33.776984126984125,1.0741041847787778,39
CUST-2291,27,Month-to-Month,Electronic Check,68.91,1785.27,2,20,0,1,84.12,0.07407407407407407,66.1211111111111,1.0421784940093095,40
CUST-2292,38,Month-to-Month,Electronic Check,99.38,3885.9,3,0,0,1,184.52,0.07894736842105263,102.26052631578948,0.9718314933477443,0
CUST-2293,60,Two Year,Credit Card,86.14,4699.2,3,44,0,1,146.73,0.05,78.32,1.0998467824310523,132
CUST-2294,7,Month-to-Month,Credit Card,30.78,200.98,3,14,0,1,26.63,0.42857142857142855,28.71142857142857,1.0720469698477462,42
CUST-2295,5,Month-to-Month,Bank Transfer,68.76,355.48,2,6,0,1,67.88,0.4,71.096,0.967143017891302,12
CUST-2296,45,Month-to-Month,Electronic Check,89.76,3709.04,1,14,0,1,92.4,0.022222222222222223,82.42311111111111,1.089014947263982,14
CUST-2297,58,Two Year,Mailed Check,72.99,4209.9,3,24,0,1,136.43,0.05172413793103448,72.58448275862068,1.0055868310411173,72
CUST-2298,31,Month-to-Month,Electronic Check,59.17,1709.59,1,2,0,0,767.84,0.03225806451612903,55.14806451612903,1.0729297667861886,2
CUST-2299,23,Month-to-Month,Electronic Check,82.19,1873.13,2,29,1,1,136.52,0.08695652173913043,81.4404347826087,1.0092038459690462,58
CUST-2300,42,Month-to-Month,Bank Transfer,116.86,4699.36,4,13,0,1,143.33,0.09523809523809523,111.88952380952381,1.0444230703755406,52
CUST-2301,10,Month-to-Month,Credit Card,29.49,269.91,3,3,1,1,15.2,0.3,26.991000000000003,1.092586417694787,9
CUST-2302,32,Month-to-Month,Credit Card,59.0,1864.16,2,35,1,1,91.23,0.0625,58.255,1.0127886018367522,70
CUST-2303,53,One Year,Bank Transfer,60.66,3222.88,2,2,1,0,623.21,0.03773584905660377,60.809056603773584,0.9975487762498138,4
CUST-2304,30,Month-to-Month,Electronic Check,77.7,2335.76,3,4,1,1,112.62,0.1,77.85866666666668,0.9979621193958282,12
CUST-2305,39,Month-to-Month,Electronic Check,35.22,1367.47,4,24,1,1,49.66,0.10256410256410256,35.06333333333333,1.0044681053332065,96
CUST-2306,31,Two Year,Electronic Check,37.66,1138.31,3,30,0,0,470.69,0.0967741935483871,36.71967741935484,1.0256081383805817,90
CUST-2307,2,Month-to-Month,Bank Transfer,48.54,94.94,0,10,1,1,93.03,0.0,47.47,1.0225405519275332,10
CUST-2308,12,Month-to-Month,Credit Card,115.59,1380.62,3,7,1,1,61.81,0.25,115.05166666666666,1.0046790572351554,21
CUST-2309,39,Month-to-Month,Electronic Check,93.41,3655.88,1,25,1,1,146.49,0.02564102564102564,93.74051282051282,0.996474173112903,25
CUST-2310,66,Two Year,Mailed Check,86.17,5677.16,2,1,0,0,1151.12,0.030303030303030304,86.01757575757576,1.001772012766947,2
CUST-2311,13,Month-to-Month,Electronic Check,101.7,1306.29,2,27,0,1,159.74,0.15384615384615385,100.48384615384614,1.0121029786647684,54
CUST-2312,46,Two Year,Electronic Check,32.76,1391.49,1,9,1,0,431.92,0.021739130434782608,30.249782608695654,1.0829829894573442,9
CUST-2313,27,One Year,Mailed Check,105.93,2664.46,1,38,0,1,54.59,0.037037037037037035,98.6837037037037,1.073429512921943,38
CUST-2314,17,Month-to-Month,Electronic Check,79.48,1268.78,2,36,1,1,73.76,0.11764705882352941,74.63411764705882,1.0649285140055804,72
CUST-2315,60,Two Year,Mailed Check,53.53,3333.69,1,38,0,0,721.69,0.016666666666666666,55.5615,0.9634369122503892,38
CUST-2316,64,Month-to-Month,Credit Card,101.59,6592.19,1,20,0,1,76.24,0.015625,103.00296875,0.9862822521802316,20
CUST-2317,35,Month-to-Month,Mailed Check,100.26,3449.2,3,27,0,1,159.69,0.08571428571428572,98.54857142857142,1.0173663458193205,81
CUST-2318,70,Two Year,Electronic Check,104.57,6864.66,1,37,0,0,1239.22,0.014285714285714285,98.06657142857142,1.0663164672394554,37
CUST-2319,30,One Year,Electronic Check,31.55,867.59,4,32,0,1,38.24,0.13333333333333333,28.919666666666668,1.090953099966574,128
CUST-2320,71,One Year,Mailed Check,116.94,8591.79,1,10,0,0,1419.95,0.014084507042253521,121.01112676056339,0.966357417953651,10
CUST-2321,63,Month-to-Month,Electronic Check,115.96,7553.14,1,44,0,1,158.91,0.015873015873015872,119.89111111111112,0.9672109877481417,44
CUST-2322,28,Month-to-Month,Electronic Check,55.75,1430.82,1,43,0,1,88.13,0.03571428571428571,51.10071428571428,1.0909827930836864,43
CUST-2323,60,One Year,Mailed Check,26.59,1626.64,3,0,0,0,318.76,0.05,27.110666666666667,0.9807947671273299,0
CUST-2324,37,Month-to-Month,Mailed Check,36.71,1313.44,1,32,1,1,51.56,0.02702702702702703,35.498378378378376,1.0341317456450239,32
CUST-2325,22,Month-to-Month,Bank Transfer,119.28,2489.27,0,2,1,1,207.22,0.0,113.14863636363636,1.0541885773740898,2
CUST-2326,68,Month-to-Month,Electronic Check,76.3,5244.78,2,25,1,1,48.93,0.029411764705882353,77.12911764705882,0.9892502640720869,50
CUST-2327,20,Month-to-Month,Credit Card,55.66,1104.46,1,14,0,1,87.16,0.05,55.223,1.0079133694294045,14
CUST-2328,68,Two Year,Electronic Check,48.82,3376.21,0,40,0,0,571.62,0.0,49.65014705882353,0.9832800684791527,40
CUST-2329,64,Month-to-Month,Electronic Check,45.7,2664.93,1,13,0,1,31.26,0.015625,41.63953125,1.097514756485161,13
CUST-2330,17,Two Year,Mailed Check,86.42,1392.43,3,22,1,1,113.94,0.17647058823529413,81.90764705882353,1.0550907406476449,66
CUST-2331,12,Month-to-Month,Mailed Check,61.94,704.55,1,7,1,1,51.99,0.08333333333333333,58.7125,1.0549712582499469,7
CUST-2332,22,One Year,Credit Card,116.54,2434.31,2,35,0,1,201.85,0.09090909090909091,110.65045454545454,1.0532265816596902,70
CUST-2333,17,Month-to-Month,Bank Transfer,88.38,1465.46,1,19,1,1,49.88,0.058823529411764705,86.2035294117647,1.0252480449824628,19
CUST-2334,10,Month-to-Month,Credit Card,99.2,934.91,3,5,0,1,64.28,0.3,93.491,1.0610647014151096,15
CUST-2335,65,Month-to-Month,Credit Card,49.27,3095.77,1,32,0,1,63.14,0.015384615384615385,47.62723076923077,1.034492226489694,32
CUST-2336,22,Month-to-Month,Bank Transfer,27.92,586.7,1,27,1,1,38.62,0.045454545454545456,26.66818181818182,1.0469405147434805,27
CUST-2337,50,Month-to-Month,Mailed Check,68.78,3474.4,5,37,0,1,109.69,0.1,69.488,0.9898111904213678,185
CUST-2338,14,Two Year,Mailed Check,51.46,713.61,5,29,0,1,45.74,0.35714285714285715,50.972142857142856,1.0095710542172895,145
CUST-2339,64,One Year,Credit Card,40.21,2568.41,1,42,1,1,70.88,0.015625,40.13140625,1.0019584100669285,42
CUST-2340,47,Month-to-Month,Bank Transfer,115.26,5046.61,4,16,0,1,222.42,0.0851063829787234,107.37468085106383,1.0734374164042793,64
CUST-2341,29,Month-to-Month,Electronic Check,64.4,1772.03,1,8,0,1,80.41,0.034482758620689655,61.10448275862069,1.053932495499512,8
CUST-2342,36,Month-to-Month,Bank Transfer,37.47,1218.31,2,27,1,1,61.48,0.05555555555555555,33.841944444444444,1.1072058835600134,54
CUST-2343,52,One Year,Electronic Check,39.87,1899.62,1,6,0,0,519.06,0.019230769230769232,36.53115384615384,1.091397226813784,6
CUST-2344,7,One Year,Mailed Check,48.07,316.22,0,27,0,1,29.04,0.0,45.174285714285716,1.064100942381886,27
CUST-2345,29,Two Year,Electronic Check,119.93,3164.33,3,16,0,0,1228.49,0.10344827586206896,109.1148275862069,1.0991173486962484,48
CUST-2346,11,Month-to-Month,Bank Transfer,46.8,509.86,5,39,0,1,29.54,0.45454545454545453,46.35090909090909,1.009688934217236,195
CUST-2347,33,Month-to-Month,Credit Card,52.88,1831.8,1,43,0,1,104.88,0.030303030303030304,55.50909090909091,0.9526367507369801,43
CUST-2348,6,Month-to-Month,Electronic Check,85.93,471.82,2,43,0,1,72.49,0.3333333333333333,78.63666666666667,1.0927472341147049,86
CUST-2349,32,One Year,Electronic Check,49.4,1617.45,0,4,0,0,671.12,0.0,50.5453125,0.9773408760703576,4
CUST-2350,51,One Year,Electronic Check,41.58,1946.32,3,4,0,0,538.87,0.058823529411764705,38.16313725490196,1.0895330675325743,12
CUST-2351,58,One Year,Bank Transfer,35.86,2080.89,1,13,1,0,490.72,0.017241379310344827,35.87741379310344,0.9995146307589542,13
CUST-2352,26,One Year,Electronic Check,51.27,1328.32,1,5,1,0,694.48,0.038461538461538464,51.08923076923077,1.0035383040231272,5
CUST-2353,46,Month-to-Month,Electronic Check,30.59,1456.96,1,6,1,1,51.33,0.021739130434782608,31.67304347826087,0.9658055128486712,6
CUST-2354,29,One Year,Electronic Check,21.86,581.38,4,16,0,1,14.56,0.13793103448275862,20.04758620689655,1.090405586707489,64
CUST-2355,4,Month-to-Month,Mailed Check,100.46,380.67,3,8,0,1,185.12,0.75,95.1675,1.0556124727454224,24
CUST-2356,13,One Year,Electronic Check,33.79,401.32,3,30,1,1,59.49,0.23076923076923078,30.87076923076923,1.0945629422904415,90
CUST-2357,39,Month-to-Month,Bank Transfer,97.6,3658.36,0,21,0,1,148.18,0.0,93.80410256410256,1.0404662198362107,21
CUST-2358,15,Month-to-Month,Electronic Check,99.75,1551.22,2,44,0,1,59.96,0.13333333333333333,103.41466666666666,0.9645633759234667,88
CUST-2359,29,Two Year,Bank Transfer,73.79,2176.78,3,8,1,0,814.75,0.10344827586206896,75.06137931034483,0.9830621376528634,24
CUST-2360,29,Two Year,Electronic Check,50.97,1490.6,3,15,0,0,568.65,0.10344827586206896,51.4,0.9916342412451362,45
CUST-2361,32,Two Year,Mailed Check,34.5,1081.87,2,35,0,0,453.56,0.0625,33.8084375,1.0204553227282391,70
CUST-2362,2,Month-to-Month,Electronic Check,93.68,193.45,2,33,1,1,68.75,1.0,96.725,0.9685189971568882,66
CUST-2363,47,One Year,Bank Transfer,80.14,3643.85,3,44,1,1,105.46,0.06382978723404255,77.52872340425532,1.0336814084004555,132
CUST-2364,22,Month-to-Month,Credit Card,85.55,1736.15,4,12,0,1,77.96,0.18181818181818182,78.9159090909091,1.0840653169369006,48
CUST-2365,27,Two Year,Credit Card,20.87,577.94,3,18,0,0,275.0,0.1111111111111111,21.405185185185186,0.9749974045748694,54
CUST-2366,67,Month-to-Month,Mailed Check,112.75,7115.69,1,11,0,1,153.76,0.014925373134328358,106.20432835820895,1.061632814245702,11
CUST-2367,56,Two Year,Mailed Check,26.63,1354.15,0,35,1,0,276.44,0.0,24.181250000000002,1.1012664771258722,35
CUST-2368,21,Two Year,Credit Card,56.68,1093.76,3,9,0,0,676.61,0.14285714285714285,52.08380952380952,1.0882460503218256,27
CUST-2369,47,One Year,Bank Transfer,60.27,2808.21,0,15,0,0,813.01,0.0,59.749148936170215,1.0087172967833602,15
CUST-2370,59,Month-to-Month,Electronic Check,20.14,1177.64,0,27,1,1,21.76,0.0,19.96,1.0090180360721444,27
CUST-2371,6,Month-to-Month,Credit Card,69.71,392.76,2,18,0,1,111.66,0.3333333333333333,65.46,1.064925145126795,36
CUST-2372,19,Two Year,Mailed Check,95.28,1826.75,0,39,1,1,62.33,0.0,96.14473684210526,0.9910058847680308,39
CUST-2373,57,Month-to-Month,Electronic Check,102.33,5926.4,2,5,1,1,146.43,0.03508771929824561,103.9719298245614,0.9842079508639309,10
CUST-2374,69,Two Year,Electronic Check,107.94,7731.44,2,3,0,0,1425.26,0.028985507246376812,112.04985507246376,0.9633211924298708,6
CUST-2375,3,Month-to-Month,Electronic Check,68.77,203.78,2,29,1,1,76.27,0.6666666666666666,67.92666666666666,1.012415349887133,58
CUST-2376,1,Month-to-Month,Mailed Check,83.06,84.46,2,38,0,1,70.47,2.0,84.46,0.9834241060857212,76
CUST-2377,58,Two Year,Electronic Check,27.95,1642.12,6,30,1,0,297.5,0.10344827586206896,28.312413793103445,0.9871994738508758,180
CUST-2378,38,One Year,Electronic Check,68.8,2454.06,1,26,1,1,121.88,0.02631578947368421,64.58052631578947,1.0653366258363692,26
CUST-2379,15,One Year,Electronic Check,35.48,503.75,0,44,0,0,397.14,0.0,33.583333333333336,1.0564764267990072,44
CUST-2380,34,One Year,Mailed Check,56.96,1881.97,5,20,1,1,86.67,0.14705882352941177,55.35205882352941,1.0290493472265765,100
CUST-2381,61,Month-to-Month,Bank Transfer,52.93,2915.08,0,36,1,1,101.7,0.0,47.78819672131147,1.1075956749042908,36
CUST-2382,35,One Year,Electronic Check,62.35,2061.37,3,8,0,0,856.21,0.08571428571428572,58.89628571428571,1.0586406127963444,24
CUST-2383,64,Month-to-Month,Electronic Check,77.16,4795.44,5,34,0,1,84.55,0.078125,74.92875,1.0297782893749061,170
CUST-2384,25,Two Year,Electronic Check,110.29,2526.22,1,41,0,0,1373.04,0.04,101.04879999999999,1.0914528425869483,41
CUST-2385,24,Two Year,Credit Card,59.45,1311.15,0,20,0,0,674.75,0.0,54.63125,1.0882050108683217,20
CUST-2386,12,Month-to-Month,Mailed Check,118.11,1374.07,2,16,1,1,179.9,0.16666666666666666,114.50583333333333,1.031475834564469,32
CUST-2387,18,One Year,Mailed Check,95.9,1742.85,1,23,1,1,143.65,0.05555555555555555,96.82499999999999,0.9904466821585336,23
CUST-2388,15,One Year,Electronic Check,71.15,1094.0,2,30,0,1,81.06,0.13333333333333333,72.93333333333334,0.9755484460694699,60
CUST-2389,27,Month-to-Month,Bank Transfer,84.4,2237.66,1,5,0,1,149.18,0.037037037037037035,82.87629629629629,1.018385277477365,5
CUST-2390,60,Two Year,Mailed Check,30.22,1761.0,2,34,0,0,404.4,0.03333333333333333,29.35,1.0296422487223167,68
CUST-2391,46,Month-to-Month,Electronic Check,104.45,4601.18,3,36,0,1,96.59,0.06521739130434782,100.02565217391304,1.0442321317575056,108
CUST-2392,17,Month-to-Month,Electronic Check,78.24,1235.57,2,12,0,1,109.49,0.11764705882352941,72.68058823529411,1.0764910122453606,24
CUST-2393,53,Month-to-Month,Electronic Check,118.61,5795.9,1,24,0,1,135.84,0.018867924528301886,109.3566037735849,1.0846167118135235,24
CUST-2394,8,Month-to-Month,Credit Card,83.64,681.69,1,31,0,1,42.65,0.125,85.21125,0.9815605333802754,31
CUST-2395,27,One Year,Credit Card,103.41,2707.61,1,0,1,0,1176.68,0.037037037037037035,100.28185185185185,1.0311935618497494,0
CUST-2396,46,One Year,Bank Transfer,99.98,4684.38,0,34,0,1,68.41,0.0,101.83434782608695,0.9817905464543868,34
CUST-2397,50,One Year,Bank Transfer,54.55,2742.81,7,18,0,0,643.66,0.14,54.8562,0.9944181332283315,126
CUST-2398,71,One Year,Electronic Check,45.96,3031.75,1,11,0,0,584.64,0.014084507042253521,42.70070422535211,1.0763288529727055,11
CUST-2399,3,Month-to-Month,Mailed Check,63.05,184.71,3,39,1,1,63.88,1.0,61.57,1.024037680688647,117
CUST-2400,64,Month-to-Month,Bank Transfer,66.72,4127.47,1,39,1,1,81.13,0.015625,64.49171875,1.0345514322333051,39
CUST-2401,44,Month-to-Month,Electronic Check,44.01,1865.92,1,42,1,1,87.82,0.022727272727272728,42.407272727272726,1.037793688904133,42
CUST-2402,53,Month-to-Month,Credit Card,109.46,5693.39,0,19,0,1,121.78,0.0,107.42245283018869,1.0189676098071623,19
CUST-2403,24,One Year,Electronic Check,74.25,1866.31,3,32,0,1,57.43,0.125,77.76291666666667,0.9548252969763865,96
CUST-2404,60,Month-to-Month,Electronic Check,117.84,7225.49,3,28,0,1,167.38,0.05,120.42483333333332,0.978535711764877,84
CUST-2405,3,Month-to-Month,Bank Transfer,101.0,313.77,2,15,0,1,86.3,0.6666666666666666,104.58999999999999,0.9656754947891769,30
CUST-2406,20,Month-to-Month,Bank Transfer,75.57,1366.98,2,13,1,1,49.75,0.1,68.349,1.1056489487775971,26
CUST-2407,46,Two Year,Bank Transfer,114.7,4859.65,3,6,1,0,1291.58,0.06521739130434782,105.6445652173913,1.0857160495097384,18
CUST-2408,15,Two Year,Electronic Check,70.49,965.06,3,5,0,0,969.36,0.2,64.33733333333333,1.0956313597082046,15
CUST-2409,25,One Year,Credit Card,108.71,2553.28,1,20,0,0,1117.29,0.04,102.1312,1.0644151836069682,20
CUST-2410,71,Two Year,Mailed Check,55.81,3828.91,2,35,1,0,704.46,0.028169014084507043,53.92830985915493,1.0348924367509291,70
CUST-2411,17,One Year,Mailed Check,57.86,979.99,1,21,0,1,45.03,0.058823529411764705,57.646470588235296,1.00370411942979,21
CUST-2412,9,One Year,Credit Card,61.81,542.45,3,39,0,1,103.6,0.3333333333333333,60.272222222222226,1.02551387224629,117
CUST-2413,38,Month-to-Month,Bank Transfer,74.66,2937.73,0,18,1,1,51.81,0.0,77.30868421052632,0.9657388527876964,18
CUST-2414,48,One Year,Electronic Check,75.35,3765.01,2,24,0,0,830.07,0.041666666666666664,78.43770833333333,0.9606348987120883,48
CUST-2415,60,One Year,Bank Transfer,69.64,3863.05,2,2,1,0,818.29,0.03333333333333333,64.38416666666667,1.0816323889154942,4
CUST-2416,63,One Year,Electronic Check,50.6,3276.86,2,35,0,0,533.58,0.031746031746031744,52.0136507936508,0.9728215425742937,70
CUST-2417,2,One Year,Electronic Check,112.72,219.19,2,44,1,1,219.18,1.0,109.595,1.0285140745471966,88
CUST-2418,11,Month-to-Month,Mailed Check,78.86,839.7,1,33,1,1,75.86,0.09090909090909091,76.33636363636364,1.0330594259854708,33
CUST-2419,64,One Year,Credit Card,60.77,3958.28,1,10,1,0,745.21,0.015625,61.848125,0.982568186181877,10
CUST-2420,21,Two Year,Electronic Check,85.12,1633.74,1,41,0,1,78.86,0.047619047619047616,77.79714285714286,1.094127584560579,41
CUST-2421,18,Month-to-Month,Bank Transfer,96.8,1798.81,5,26,0,1,154.17,0.2777777777777778,99.93388888888889,0.968640378917173,130
CUST-2422,64,One Year,Electronic Check,116.07,7433.16,1,41,0,1,142.59,0.015625,116.143125,0.9993703889059296,41
CUST-2423,38,Month-to-Month,Bank Transfer,69.95,2741.27,1,1,0,1,48.86,0.02631578947368421,72.13868421052632,0.9696600480799046,1
CUST-2424,32,One Year,Mailed Check,31.21,1047.83,2,5,1,0,364.58,0.0625,32.7446875,0.9531317102965177,10
CUST-2425,11,One Year,Bank Transfer,64.08,689.16,2,1,0,0,700.46,0.18181818181818182,62.65090909090909,1.0228103778512971,2
CUST-2426,45,Month-to-Month,Electronic Check,67.9,2792.69,1,41,1,1,58.1,0.022222222222222223,62.05977777777778,1.0941063992064999,41
CUST-2427,33,One Year,Bank Transfer,109.7,3348.51,0,16,0,0,1167.88,0.0,101.47000000000001,1.0811077165664726,16
CUST-2428,41,Month-to-Month,Credit Card,59.48,2313.19,4,39,0,1,74.3,0.0975609756097561,56.41926829268293,1.0542497589908308,156
CUST-2429,8,One Year,Bank Transfer,115.33,844.71,1,13,1,1,196.54,0.125,105.58875,1.0922565140699174,13
CUST-2430,11,Month-to-Month,Mailed Check,68.51,770.42,2,9,0,1,62.9,0.18181818181818182,70.03818181818181,0.97818073258742,18
CUST-2431,51,One Year,Credit Card,117.38,5654.32,2,44,1,1,107.36,0.0392156862745098,110.86901960784313,1.0587267788169046,88
CUST-2432,41,Month-to-Month,Electronic Check,20.82,893.21,2,32,0,1,36.45,0.04878048780487805,21.78560975609756,0.9556767165616149,64
CUST-2433,17,One Year,Bank Transfer,109.88,1878.03,1,41,1,1,79.31,0.058823529411764705,110.47235294117647,0.9946379983280352,41
CUST-2434,46,Month-to-Month,Credit Card,113.11,4818.11,0,11,0,1,161.19,0.0,104.74152173913043,1.0798964739285737,11
CUST-2435,32,Two Year,Electronic Check,116.1,3608.97,1,31,1,0,1257.91,0.03125,112.7803125,1.0294349911470586,31
CUST-2436,54,Two Year,Mailed Check,21.31,1116.26,2,23,0,0,236.71,0.037037037037037035,20.671481481481482,1.0308888610180422,46
CUST-2437,20,Two Year,Electronic Check,37.17,723.98,2,13,0,0,411.89,0.1,36.199,1.0268239454128567,26
CUST-2438,33,One Year,Mailed Check,85.38,2762.19,4,4,1,1,83.66,0.12121212121212122,83.70272727272727,1.020038447753413,16
CUST-2439,40,One Year,Bank Transfer,22.55,816.02,3,4,1,0,276.74,0.075,20.4005,1.1053650645817503,12
CUST-2440,32,Month-to-Month,Electronic Check,26.36,846.0,1,31,0,1,50.71,0.03125,26.4375,0.9970685579196217,31
CUST-2441,2,Month-to-Month,Mailed Check,42.11,81.95,3,44,0,1,83.33,1.5,40.975,1.0276998169615619,132
CUST-2442,33,Month-to-Month,Electronic Check,71.24,2394.75,1,32,0,1,60.73,0.030303030303030304,72.56818181818181,0.9816974632007517,32
CUST-2443,30,One Year,Electronic Check,74.59,2287.61,0,3,0,0,923.71,0.0,76.25366666666667,0.978182469914015,3
CUST-2444,33,Two Year,Electronic Check,23.43,722.61,3,29,1,1,41.29,0.09090909090909091,21.89727272727273,1.0699962635446505,87
CUST-2445,26,Month-to-Month,Credit Card,37.04,873.73,2,40,0,1,31.5,0.07692307692307693,33.605000000000004,1.102216932004166,80
CUST-2446,22,Two Year,Electronic Check,69.97,1547.78,3,16,0,1,54.68,0.13636363636363635,70.35363636363637,0.9945470286474821,48
CUST-2447,66,One Year,Credit Card,79.39,5484.25,2,2,1,0,915.02,0.030303030303030304,83.09469696969697,0.9554159638966131,4
CUST-2448,38,One Year,Mailed Check,34.84,1280.23,2,12,0,0,453.82,0.05263157894736842,33.69026315789474,1.0341266803621225,24
CUST-2449,46,Month-to-Month,Electronic Check,59.88,2586.3,3,43,1,1,110.73,0.06521739130434782,56.22391304347826,1.0650272590186753,129
CUST-2450,15,Month-to-Month,Bank Transfer,110.44,1529.87,0,35,1,1,204.81,0.0,101.99133333333333,1.0828371038062057,35
CUST-2451,44,One Year,Mailed Check,119.89,4975.09,1,17,0,0,1403.25,0.022727272727272728,113.07022727272728,1.0603144867731036,17
CUST-2452,49,One Year,Mailed Check,118.72,5521.69,2,22,1,1,95.75,0.04081632653061224,112.68755102040815,1.0535325235570994,44
CUST-2453,61,Month-to-Month,Electronic Check,108.17,6358.07,3,34,0,1,120.29,0.04918032786885246,104.23065573770491,1.0377944879499599,102
CUST-2454,67,One Year,Electronic Check,59.47,3977.76,1,32,0,1,99.37,0.014925373134328358,59.36955223880597,1.0016919070029362,32
CUST-2455,6,Two Year,Electronic Check,88.66,500.56,0,35,0,1,125.7,0.0,83.42666666666666,1.0627297426881892,35
CUST-2456,9,Two Year,Electronic Check,61.66,503.69,2,16,0,0,633.04,0.2222222222222222,55.965555555555554,1.1017490917032302,32
CUST-2457,6,Two Year,Electronic Check,84.85,486.7,3,38,0,1,117.76,0.5,81.11666666666666,1.046024244914732,114
CUST-2458,32,Month-to-Month,Electronic Check,50.94,1676.28,2,33,0,1,32.82,0.0625,52.38375,0.9724389720094495,66
CUST-2459,41,Month-to-Month,Electronic Check,80.62,3221.97,0,11,1,1,98.07,0.0,78.58463414634146,1.0259003032306324,11
CUST-2460,8,One Year,Electronic Check,72.38,604.93,3,4,1,1,143.9,0.375,75.61625,0.9572016596961632,12
CUST-2461,50,Month-to-Month,Electronic Check,22.45,1095.05,2,39,1,1,14.2,0.04,21.901,1.0250673485228985,78
CUST-2462,62,Month-to-Month,Electronic Check,99.07,5782.31,1,26,0,1,126.7,0.016129032258064516,93.26306451612903,1.0622640432629864,26
CUST-2463,62,Month-to-Month,Credit Card,21.19,1220.5,3,39,0,1,19.99,0.04838709677419355,19.68548387096774,1.07642769356821,117
CUST-2464,7,Month-to-Month,Electronic Check,49.32,346.68,3,12,0,1,64.6,0.42857142857142855,49.52571428571429,0.995846313603323,36
CUST-2465,4,Month-to-Month,Bank Transfer,20.59,80.75,1,25,0,1,28.02,0.25,20.1875,1.019938080495356,25
CUST-2466,6,Month-to-Month,Electronic Check,57.62,342.47,1,13,0,1,78.72,0.16666666666666666,57.07833333333334,1.009489882325459,13
CUST-2467,58,Month-to-Month,Credit Card,26.32,1546.82,2,31,1,1,46.81,0.034482758620689655,26.669310344827586,0.9869021605616685,62
CUST-2468,22,Month-to-Month,Electronic Check,111.35,2471.47,2,10,0,1,120.77,0.09090909090909091,112.33954545454544,0.9911914771370884,20
CUST-2469,26,One Year,Credit Card,61.57,1451.15,2,37,0,0,839.28,0.07692307692307693,55.81346153846154,1.1031388898459842,74
CUST-2470,3,One Year,Bank Transfer,65.95,201.88,1,15,0,1,34.06,0.3333333333333333,67.29333333333334,0.9800376461264118,15
CUST-2471,41,One Year,Electronic Check,54.99,2209.29,0,21,0,0,600.42,0.0,53.88512195121951,1.0205043249188654,21
CUST-2472,60,Month-to-Month,Credit Card,82.75,4760.22,4,15,0,1,73.58,0.06666666666666667,79.337,1.0430190201293217,60
CUST-2473,14,Month-to-Month,Mailed Check,98.44,1351.46,1,12,0,1,169.79,0.07142857142857142,96.53285714285714,1.0197564115845086,12
CUST-2474,12,One Year,Electronic Check,84.81,1009.44,0,11,1,1,76.2,0.0,84.12,1.0082025677603423,11
CUST-2475,12,One Year,Bank Transfer,94.82,1049.57,1,17,0,1,48.94,0.08333333333333333,87.46416666666666,1.0841011080728298,17
CUST-2476,13,Month-to-Month,Credit Card,110.6,1384.04,4,28,1,1,80.99,0.3076923076923077,106.46461538461539,1.038842808011329,112
CUST-2477,25,Month-to-Month,Mailed Check,106.35,2526.71,1,17,0,1,210.42,0.04,101.0684,1.0522576789580125,17
CUST-2478,45,Two Year,Electronic Check,87.41,3746.85,1,1,0,0,1201.31,0.022222222222222223,83.26333333333334,1.0498018335401738,1
CUST-2479,19,Month-to-Month,Bank Transfer,41.46,719.76,0,1,1,1,27.5,0.0,37.8821052631579,1.0944481493831277,1
CUST-2480,55,Month-to-Month,Bank Transfer,83.77,4257.08,3,2,0,1,56.81,0.05454545454545454,77.40145454545454,1.0822794027831284,6
CUST-2481,45,One Year,Credit Card,70.61,2936.84,3,28,0,1,68.17,0.06666666666666667,65.26311111111112,1.0819281949306057,84
CUST-2482,8,Month-to-Month,Bank Transfer,91.72,701.46,2,7,1,1,51.04,0.25,87.6825,1.0460468166395802,14
CUST-2483,53,Month-to-Month,Electronic Check,103.29,5661.45,0,10,0,1,130.89,0.0,106.81981132075471,0.9669554619399625,10
CUST-2484,55,Month-to-Month,Credit Card,94.27,4826.6,0,11,0,1,77.36,0.0,87.75636363636364,1.0742240914929764,11
CUST-2485,32,One Year,Electronic Check,104.66,3223.29,2,31,1,1,133.86,0.0625,100.7278125,1.0390377533513895,62
CUST-2486,51,Month-to-Month,Electronic Check,26.39,1274.21,2,3,1,1,18.77,0.0392156862745098,24.98450980392157,1.0562544635499642,6
CUST-2487,44,Month-to-Month,Mailed Check,23.16,1037.49,0,8,0,1,26.51,0.0,23.57931818181818,0.9822166960645404,8
CUST-2488,70,Month-to-Month,Mailed Check,45.85,2912.68,2,23,0,1,64.05,0.02857142857142857,41.60971428571428,1.1019061482895478,46
CUST-2489,18,Two Year,Electronic Check,110.07,1841.54,3,15,1,1,65.27,0.16666666666666666,102.30777777777777,1.0758712816447105,45
CUST-2490,22,Month-to-Month,Bank Transfer,102.37,2098.09,1,16,0,1,112.41,0.045454545454545456,95.36772727272728,1.0734239236639038,16
CUST-2491,37,Two Year,Electronic Check,88.27,3425.84,1,21,0,0,1146.33,0.02702702702702703,92.59027027027028,0.9533399107956003,21
CUST-2492,56,Month-to-Month,Mailed Check,90.08,4971.92,3,6,0,1,77.52,0.05357142857142857,88.78428571428572,1.014593959677549,18
CUST-2493,59,Two Year,Credit Card,92.67,5034.74,2,9,1,0,1026.84,0.03389830508474576,85.33457627118644,1.0859607447455082,18
CUST-2494,3,Two Year,Electronic Check,114.26,322.5,3,28,0,1,158.0,1.0,107.5,1.0628837209302326,84
CUST-2495,28,Month-to-Month,Electronic Check,103.22,2673.9,2,35,1,1,149.26,0.07142857142857142,95.49642857142858,1.080878118104641,70
CUST-2496,35,Month-to-Month,Electronic Check,82.34,2647.57,2,23,0,1,60.79,0.05714285714285714,75.64485714285715,1.0885075748705417,46
CUST-2497,61,Month-to-Month,Credit Card,86.57,5384.15,2,13,0,1,80.39,0.03278688524590164,88.26475409836065,0.9807991976449393,26
CUST-2498,54,Month-to-Month,Electronic Check,41.37,2176.71,0,13,1,0,455.39,0.0,40.309444444444445,1.0263103491048415,13
CUST-2499,63,One Year,Electronic Check,85.73,5372.26,1,24,1,1,112.37,0.015873015873015872,85.27396825396826,1.0053478424350273,24
CUST-2500,7,Month-to-Month,Mailed Check,62.47,415.29,3,21,0,1,74.44,0.42857142857142855,59.32714285714286,1.0529750294974596,63
CUST-2501,49,Month-to-Month,Mailed Check,35.3,1700.39,2,22,0,1,35.14,0.04081632653061224,34.70183673469388,1.0172372220490593,44
CUST-2502,31,Month-to-Month,Electronic Check,100.64,2928.39,3,31,1,1,168.98,0.0967741935483871,94.46419354838709,1.0653772209302723,93
CUST-2503,58,Two Year,Mailed Check,71.02,3897.57,3,25,1,0,894.16,0.05172413793103448,67.19948275862069,1.0568533727425036,75
CUST-2504,61,Month-to-Month,Electronic Check,117.74,7166.6,4,26,0,1,231.05,0.06557377049180328,117.48524590163935,1.002168392264114,104
CUST-2505,24,Month-to-Month,Credit Card,48.17,1066.54,2,44,0,1,32.51,0.08333333333333333,44.439166666666665,1.0839537195041913,88
CUST-2506,20,Month-to-Month,Electronic Check,68.07,1351.3,1,11,1,1,112.97,0.05,67.565,1.0074742840227928,11
CUST-2507,37,Two Year,Electronic Check,64.8,2464.34,1,18,1,0,801.13,0.02702702702702703,66.60378378378378,0.9729176980449126,18
CUST-2508,4,One Year,Mailed Check,32.08,117.81,5,18,1,1,57.68,1.25,29.4525,1.0892114421526184,90
CUST-2509,20,Month-to-Month,Electronic Check,62.61,1295.55,2,33,0,1,38.27,0.1,64.7775,0.9665393076299641,66
CUST-2510,60,Month-to-Month,Bank Transfer,48.76,2667.9,1,31,0,1,51.79,0.016666666666666666,44.465,1.096592825818059,31
CUST-2511,24,Month-to-Month,Electronic Check,36.03,823.5,0,28,0,1,36.14,0.0,34.3125,1.050054644808743,28
CUST-2512,50,Month-to-Month,Electronic Check,48.22,2390.69,1,20,0,1,95.95,0.02,47.8138,1.0084954552869674,20
CUST-2513,49,Two Year,Bank Transfer,43.33,2089.01,1,34,0,0,589.38,0.02040816326530612,42.63285714285715,1.016352243407164,34
CUST-2514,51,One Year,Mailed Check,93.41,4356.4,2,41,0,1,73.3,0.0392156862745098,85.41960784313724,1.0935428335322745,82
CUST-2515,36,Month-to-Month,Mailed Check,23.08,847.36,1,4,0,1,33.35,0.027777777777777776,23.537777777777777,0.9805513595166163,4
CUST-2516,66,Two Year,Electronic Check,81.75,5643.55,1,11,0,0,1082.19,0.015151515151515152,85.50833333333334,0.9560471688919208,11
CUST-2517,34,Month-to-Month,Electronic Check,96.07,3028.54,0,6,1,1,70.28,0.0,89.07470588235294,1.0785328904356553,6
CUST-2518,36,One Year,Electronic Check,68.07,2534.5,7,40,1,1,51.17,0.19444444444444445,70.40277777777777,0.9668652594200039,280
CUST-2519,6,Two Year,Electronic Check,113.16,667.77,0,1,0,1,224.5,0.0,111.295,1.0167572667235725,1
CUST-2520,39,Month-to-Month,Mailed Check,90.79,3683.82,3,24,0,1,107.05,0.07692307692307693,94.45692307692308,0.961178884961806,72
CUST-2521,42,One Year,Credit Card,94.79,3688.22,2,9,0,0,1161.18,0.047619047619047616,87.8147619047619,1.0794312703689044,18
CUST-2522,58,Month-to-Month,Electronic Check,39.69,2345.31,2,37,1,1,32.63,0.034482758620689655,40.436379310344826,0.9815418857208642,74
CUST-2523,12,Month-to-Month,Electronic Check,97.73,1066.0,1,43,0,1,88.2,0.08333333333333333,88.83333333333333,1.1001500938086306,43
CUST-2524,3,Month-to-Month,Electronic Check,103.21,319.69,2,5,1,1,130.7,0.6666666666666666,106.56333333333333,0.968532015389909,10
CUST-2525,18,Month-to-Month,Electronic Check,56.13,1011.48,1,26,0,1,56.32,0.05555555555555555,56.193333333333335,0.9988729386641357,26
CUST-2526,40,One Year,Electronic Check,41.34,1580.08,1,34,0,0,492.58,0.025,39.501999999999995,1.0465292896562202,34
CUST-2527,21,Two Year,Credit Card,58.51,1140.94,3,9,1,0,614.56,0.14285714285714285,54.33047619047619,1.0769277963784247,27
CUST-2528,15,One Year,Bank Transfer,93.96,1441.08,0,8,0,1,93.03,0.0,96.07199999999999,0.9780164876342744,8
CUST-2529,26,Two Year,Credit Card,61.76,1590.48,2,19,0,0,630.87,0.07692307692307693,61.17230769230769,1.0096071626175747,38
CUST-2530,8,Two Year,Credit Card,93.67,714.94,2,36,0,1,171.84,0.25,89.3675,1.0481439001874282,72
CUST-2531,42,Month-to-Month,Mailed Check,31.36,1273.1,1,34,0,1,25.03,0.023809523809523808,30.31190476190476,1.0345770167308146,34
CUST-2532,44,Month-to-Month,Mailed Check,100.6,4532.55,3,36,0,1,164.52,0.06818181818181818,103.0125,0.9765805120737774,108
CUST-2533,14,Month-to-Month,Electronic Check,45.32,603.29,2,39,0,1,46.42,0.14285714285714285,43.09214285714285,1.0516998458452818,78
CUST-2534,2,One Year,Mailed Check,44.89,82.01,0,7,1,1,54.39,0.0,41.005,1.094744543348372,7
CUST-2535,37,Two Year,Credit Card,79.04,3031.79,3,30,1,1,74.05,0.08108108108108109,81.94027027027028,0.9646050682929886,90
CUST-2536,69,Month-to-Month,Electronic Check,27.01,1785.6,1,42,1,1,41.72,0.014492753623188406,25.878260869565217,1.0437331989247312,42
CUST-2537,38,One Year,Credit Card,22.63,818.88,4,15,0,1,39.98,0.10526315789473684,21.549473684210525,1.0501416568972255,60
CUST-2538,41,One Year,Electronic Check,46.1,1759.04,1,27,0,1,42.85,0.024390243902439025,42.903414634146344,1.0745065490267418,27
CUST-2539,62,One Year,Credit Card,73.81,4734.62,1,5,0,0,931.67,0.016129032258064516,76.36483870967741,0.9665443055620093,5
CUST-2540,60,Month-to-Month,Credit Card,110.76,6197.86,2,31,0,1,168.59,0.03333333333333333,103.29766666666666,1.0722410638510713,62
CUST-2541,14,Month-to-Month,Bank Transfer,104.64,1458.37,0,27,0,1,82.95,0.0,104.1692857142857,1.0045187435287342,27
CUST-2542,2,Month-to-Month,Bank Transfer,69.04,142.51,2,10,1,1,100.78,1.0,71.255,0.9689144621430077,20
CUST-2543,70,Month-to-Month,Mailed Check,23.71,1502.42,2,41,0,1,15.21,0.02857142857142857,21.46314285714286,1.1046844424328748,82
CUST-2544,17,Month-to-Month,Credit Card,73.53,1280.41,1,22,1,1,105.16,0.058823529411764705,75.31823529411766,0.9762576049859029,22
CUST-2545,28,One Year,Credit Card,90.48,2436.13,3,29,0,1,114.92,0.10714285714285714,87.00464285714285,1.0399445021406903,87
CUST-2546,66,Month-to-Month,Bank Transfer,53.92,3554.08,1,8,0,1,36.17,0.015151515151515152,53.84969696969697,1.0013055417998469,8
CUST-2547,35,Two Year,Bank Transfer,31.11,1040.79,1,27,0,0,348.46,0.02857142857142857,29.736857142857144,1.046176462110512,27
CUST-2548,5,Month-to-Month,Bank Transfer,47.86,240.34,2,23,0,1,55.99,0.4,48.068,0.9956727968710993,46
CUST-2549,65,One Year,Credit Card,97.16,5924.76,0,27,0,1,80.22,0.0,91.15015384615386,1.0659334724106966,27
CUST-2550,40,Month-to-Month,Mailed Check,55.12,1991.57,4,23,1,1,56.78,0.1,49.789249999999996,1.1070662843886985,92
CUST-2551,56,One Year,Credit Card,101.2,5906.18,1,14,1,0,1047.27,0.017857142857142856,105.4675,0.9595372982198308,14
CUST-2552,36,Two Year,Mailed Check,51.95,1687.77,1,38,1,1,33.11,0.027777777777777776,46.8825,1.108089372367088,38
CUST-2553,45,Month-to-Month,Electronic Check,36.36,1674.84,2,32,0,1,70.41,0.044444444444444446,37.218666666666664,0.9769291394998926,64
CUST-2554,23,Month-to-Month,Electronic Check,63.58,1353.21,2,33,1,1,95.26,0.08695652173913043,58.83521739130435,1.080645280481226,66
CUST-2555,47,One Year,Mailed Check,65.23,2939.6,1,21,1,0,895.85,0.02127659574468085,62.54468085106383,1.042934412845285,21
CUST-2556,31,Month-to-Month,Electronic Check,21.61,685.57,1,28,0,1,37.48,0.03225806451612903,22.115161290322582,0.9771576935980278,28
CUST-2557,11,Month-to-Month,Electronic Check,31.7,324.6,1,33,1,1,31.19,0.09090909090909091,29.50909090909091,1.0742452248921748,33
CUST-2558,10,Month-to-Month,Mailed Check,38.49,396.39,1,41,0,1,53.7,0.1,39.638999999999996,0.9710133958979794,41
CUST-2559,67,Month-to-Month,Electronic Check,31.36,2047.89,1,9,0,1,28.72,0.014925373134328358,30.5655223880597,1.0259926070247913,9
CUST-2560,14,One Year,Electronic Check,54.15,723.93,0,44,0,1,86.65,0.0,51.70928571428571,1.0472006961999087,44
CUST-2561,10,Month-to-Month,Bank Transfer,116.46,1163.86,0,29,0,1,184.53,0.0,116.386,1.0006358153042463,29
CUST-2562,1,Two Year,Credit Card,70.92,67.46,2,10,0,1,94.19,2.0,67.46,1.0512896531277796,20
CUST-2563,5,One Year,Bank Transfer,82.76,393.98,2,33,0,1,71.29,0.4,78.796,1.0503071221889435,66
CUST-2564,20,One Year,Credit Card,55.64,1123.96,1,20,1,1,48.99,0.05,56.198,0.9900708210256592,20
CUST-2565,8,One Year,Bank Transfer,52.35,396.38,2,12,1,1,56.24,0.25,49.5475,1.056561885059791,24
CUST-2566,43,Two Year,Electronic Check,22.31,892.29,2,24,1,0,263.31,0.046511627906976744,20.75093023255814,1.0751325241793586,48
CUST-2567,1,Month-to-Month,Bank Transfer,70.03,71.51,1,20,0,1,70.48,1.0,71.51,0.9793035939029506,20
CUST-2568,57,Two Year,Bank Transfer,68.36,3977.59,1,0,0,0,872.97,0.017543859649122806,69.78228070175439,0.9796183115906868,0
CUST-2569,64,One Year,Electronic Check,35.78,2231.84,3,4,0,1,62.48,0.046875,34.8725,1.026023370850957,12
CUST-2570,28,One Year,Electronic Check,96.43,2643.33,2,21,1,1,96.32,0.07142857142857142,94.40464285714286,1.0214539993114746,42
CUST-2571,37,One Year,Bank Transfer,69.27,2574.3,0,6,0,0,824.02,0.0,69.57567567567568,0.9956065726605289,6
CUST-2572,47,Month-to-Month,Electronic Check,53.9,2473.49,3,12,0,1,94.27,0.06382978723404255,52.62744680851063,1.0241804090576474,36
CUST-2573,37,Month-to-Month,Bank Transfer,34.69,1235.47,1,44,1,1,63.69,0.02702702702702703,33.39108108108108,1.0389001756416585,44
CUST-2574,49,One Year,Electronic Check,75.22,3867.25,4,22,0,1,83.87,0.08163265306122448,78.9234693877551,0.953075182623311,88
CUST-2575,44,Month-to-Month,Mailed Check,95.28,3865.93,3,20,0,1,51.49,0.06818181818181818,87.86204545454545,1.0844272917512734,60
CUST-2576,56,One Year,Mailed Check,48.2,2669.26,4,5,1,0,615.03,0.07142857142857142,47.66535714285715,1.0112165918644118,20
CUST-2577,28,Month-to-Month,Electronic Check,41.88,1211.2,1,19,0,1,70.19,0.03571428571428571,43.25714285714286,0.9681638044914135,19
CUST-2578,6,Month-to-Month,Electronic Check,72.19,434.48,0,11,0,1,38.05,0.0,72.41333333333334,0.9969158534339899,11
CUST-2579,61,Month-to-Month,Bank Transfer,35.53,2236.98,4,39,0,1,49.48,0.06557377049180328,36.67180327868852,0.9688642723672095,156
CUST-2580,20,Month-to-Month,Credit Card,86.66,1647.32,0,8,0,1,119.81,0.0,82.366,1.0521331617414953,8
CUST-2581,2,Month-to-Month,Credit Card,80.53,151.53,2,27,0,1,86.01,1.0,75.765,1.0628918366000133,54
CUST-2582,37,Month-to-Month,Mailed Check,28.71,1091.69,4,10,1,1,46.64,0.10810810810810811,29.505135135135138,0.9730509576894539,40
CUST-2583,20,Two Year,Bank Transfer,23.65,453.66,2,31,0,0,254.54,0.1,22.683,1.042631045276198,62
CUST-2584,26,One Year,Electronic Check,82.03,2146.54,2,10,1,0,1049.51,0.07692307692307693,82.55923076923077,0.9935896838633336,20
CUST-2585,29,Month-to-Month,Electronic Check,49.43,1321.89,0,23,0,1,63.06,0.0,45.58241379310345,1.0844094440535899,23
CUST-2586,1,One Year,Electronic Check,28.64,29.02,2,14,0,0,362.55,2.0,29.02,0.9869055823569952,28
CUST-2587,35,Two Year,Mailed Check,95.94,3298.62,0,40,1,0,1057.14,0.0,94.2462857142857,1.0179711515724759,40
CUST-2588,70,One Year,Electronic Check,51.4,3383.17,2,34,1,1,82.52,0.02857142857142857,48.331,1.0634996172229003,68
CUST-2589,59,Month-to-Month,Electronic Check,65.96,3791.14,1,16,0,0,831.02,0.01694915254237288,64.25661016949152,1.0265091766592633,16
CUST-2590,69,Two Year,Bank Transfer,43.68,3027.61,0,24,1,0,474.82,0.0,43.87840579710145,0.9954782815488123,24
CUST-2591,33,One Year,Bank Transfer,82.73,2461.95,2,34,0,1,49.37,0.06060606060606061,74.60454545454544,1.1089136659964665,68
CUST-2592,51,Month-to-Month,Electronic Check,50.15,2546.45,1,18,0,1,99.4,0.0196078431372549,49.930392156862744,1.0043982799583735,18
CUST-2593,12,Month-to-Month,Electronic Check,116.8,1375.3,1,40,1,1,167.69,0.08333333333333333,114.60833333333333,1.019123100414455,40
CUST-2594,20,One Year,Mailed Check,90.29,1684.89,1,30,0,1,173.33,0.05,84.2445,1.0717613612758103,30
CUST-2595,53,Month-to-Month,Mailed Check,33.67,1807.61,1,16,0,1,22.08,0.018867924528301886,34.10584905660377,0.9872206947295048,16
CUST-2596,43,Two Year,Bank Transfer,61.67,2507.34,3,22,0,1,62.47,0.06976744186046512,58.31023255813954,1.0576188311118555,66
CUST-2597,50,Month-to-Month,Electronic Check,58.54,2755.86,4,0,0,1,41.03,0.08,55.117200000000004,1.06210039697227,0
CUST-2598,29,Two Year,Bank Transfer,73.42,2066.76,6,9,0,0,999.78,0.20689655172413793,71.26758620689655,1.0302018618514002,54
CUST-2599,57,One Year,Credit Card,104.19,5947.28,2,7,0,1,189.68,0.03508771929824561,104.33824561403509,0.9985791824161633,14
CUST-2600,39,Month-to-Month,Electronic Check,78.34,3175.41,2,41,0,1,98.08,0.05128205128205128,81.42076923076922,0.9621623664345708,82
CUST-2601,56,Month-to-Month,Credit Card,26.16,1349.53,2,25,0,1,20.4,0.03571428571428571,24.09875,1.0855334820270761,50
CUST-2602,43,One Year,Electronic Check,85.54,3529.14,3,33,0,1,59.08,0.06976744186046512,82.07302325581395,1.0422425860124565,99
CUST-2603,50,One Year,Electronic Check,20.83,947.82,3,18,0,0,237.62,0.06,18.956400000000002,1.0988373319828657,54
CUST-2604,23,One Year,Mailed Check,98.0,2285.07,2,13,0,1,123.44,0.08695652173913043,99.3508695652174,0.9864030423575645,26
CUST-2605,44,Month-to-Month,Electronic Check,86.66,3687.82,3,7,1,1,133.65,0.06818181818181818,83.81409090909091,1.0339550194966132,21
CUST-2606,38,Month-to-Month,Electronic Check,50.88,1945.12,2,0,1,1,48.73,0.05263157894736842,51.18736842105263,0.9939952290861233,0
CUST-2607,23,Month-to-Month,Mailed Check,49.24,1074.0,2,24,1,1,54.34,0.08695652173913043,46.69565217391305,1.054487895716946,48
CUST-2608,45,One Year,Bank Transfer,99.83,4612.06,1,23,0,0,1279.19,0.022222222222222223,102.49022222222223,0.9740441364596296,23
CUST-2609,52,Month-to-Month,Credit Card,98.33,5012.04,0,19,0,1,139.16,0.0,96.38538461538461,1.0201754175944326,19
CUST-2610,50,Month-to-Month,Bank Transfer,55.23,2876.22,3,29,0,1,62.67,0.06,57.52439999999999,0.9601143167073452,87
CUST-2611,8,One Year,Electronic Check,49.89,363.93,1,4,1,0,528.72,0.125,45.49125,1.0966944192564505,4
CUST-2612,1,Two Year,Bank Transfer,75.98,74.24,1,2,0,0,1025.13,1.0,74.24,1.0234375000000002,2
CUST-2613,8,Month-to-Month,Bank Transfer,20.84,169.22,0,31,1,1,22.88,0.0,21.1525,0.9852263325848009,31
CUST-2614,29,Month-to-Month,Credit Card,28.27,811.65,4,16,1,1,25.31,0.13793103448275862,27.98793103448276,1.0100782356927247,64
CUST-2615,5,One Year,Credit Card,32.62,147.36,3,41,0,1,60.61,0.6,29.472,1.1068132464712268,123
CUST-2616,47,One Year,Credit Card,38.54,1894.43,2,4,0,0,430.5,0.0425531914893617,40.30702127659575,0.9561609560659405,8
CUST-2617,34,Month-to-Month,Mailed Check,71.2,2287.03,0,10,0,1,70.51,0.0,67.26558823529412,1.0584907062871936,10
CUST-2618,65,Two Year,Bank Transfer,119.22,7264.13,3,37,0,1,228.34,0.046153846153846156,111.75584615384615,1.0667898289265199,111
CUST-2619,55,Two Year,Electronic Check,85.26,4561.98,3,3,0,0,869.67,0.05454545454545454,82.94509090909091,1.027908934278537,9
CUST-2620,43,Month-to-Month,Credit Card,26.13,1102.61,1,38,1,1,33.94,0.023255813953488372,25.64209302325581,1.0190275800146924,38
CUST-2621,30,Month-to-Month,Electronic Check,72.56,2209.33,1,18,0,1,58.43,0.03333333333333333,73.64433333333334,0.985276079173324,18
CUST-2622,17,Month-to-Month,Electronic Check,69.66,1135.66,1,38,0,1,121.91,0.058823529411764705,66.80352941176471,1.0427592765440359,38
CUST-2623,26,One Year,Electronic Check,34.42,864.49,2,22,0,1,27.75,0.07692307692307693,33.24961538461538,1.0351999444759339,44
CUST-2624,8,Month-to-Month,Bank Transfer,112.03,878.53,1,16,1,1,97.73,0.125,109.81625,1.0201586741488624,16
CUST-2625,47,One Year,Mailed Check,64.08,2888.75,2,12,1,0,701.66,0.0425531914893617,61.462765957446805,1.042582431847685,24
CUST-2626,46,One Year,Mailed Check,119.46,5699.48,6,26,1,1,88.07,0.13043478260869565,123.90173913043478,0.964151115540365,156
CUST-2627,68,Month-to-Month,Credit Card,62.01,4333.43,2,0,1,1,119.68,0.029411764705882353,63.72691176470589,0.9730582933149952,0
CUST-2628,33,One Year,Credit Card,80.8,2581.73,3,1,0,1,113.37,0.09090909090909091,78.23424242424242,1.0327958384494118,3
CUST-2629,1,Two Year,Electronic Check,30.48,27.43,3,17,0,1,44.4,3.0,27.43,1.111192125410135,51
CUST-2630,19,Month-to-Month,Electronic Check,65.42,1286.66,2,35,0,1,126.36,0.10526315789473684,67.71894736842106,0.9660516375732516,70
CUST-2631,31,Month-to-Month,Credit Card,43.88,1249.62,2,44,0,1,37.12,0.06451612903225806,40.310322580645156,1.0885549206958918,88
CUST-2632,14,Month-to-Month,Credit Card,103.56,1358.03,3,32,1,1,52.7,0.21428571428571427,97.00214285714286,1.0676052811793555,96
CUST-2633,53,Two Year,Mailed Check,98.39,4812.38,4,35,0,1,137.58,0.07547169811320754,90.79962264150943,1.0835948117147858,140
CUST-2634,48,Two Year,Bank Transfer,102.42,4557.14,2,1,0,0,1295.28,0.041666666666666664,94.94041666666668,1.0787818675748384,2
CUST-2635,69,Month-to-Month,Electronic Check,92.36,6503.05,5,3,0,1,112.35,0.07246376811594203,94.24710144927536,0.9799770876742452,15
CUST-2636,62,One Year,Credit Card,103.27,6319.03,4,15,0,0,1180.77,0.06451612903225806,101.91983870967742,1.013247286371484,60
CUST-2637,66,Month-to-Month,Bank Transfer,40.08,2760.12,0,3,1,1,47.36,0.0,41.82,0.9583931133428981,3
CUST-2638,64,Month-to-Month,Mailed Check,65.2,3900.39,0,8,0,1,60.72,0.0,60.94359375,1.0698417337753405,8
CUST-2639,70,Month-to-Month,Electronic Check,89.18,6073.08,2,20,1,1,81.32,0.02857142857142857,86.75828571428572,1.0279133487456118,40
CUST-2640,63,Month-to-Month,Credit Card,83.74,5521.54,1,22,0,1,69.8,0.015873015873015872,87.64349206349206,0.9554617009022844,22
CUST-2641,33,Month-to-Month,Bank Transfer,91.64,3096.6,0,1,0,1,91.53,0.0,93.83636363636363,0.976593683394691,1
CUST-2642,41,One Year,Electronic Check,42.43,1755.8,4,2,1,1,43.69,0.0975609756097561,42.824390243902435,0.9907905228385921,8
CUST-2643,48,Month-to-Month,Bank Transfer,29.84,1329.69,2,22,1,1,28.74,0.041666666666666664,27.701875,1.0771834036504748,44
CUST-2644,13,Two Year,Bank Transfer,111.68,1474.21,3,25,0,1,219.8,0.23076923076923078,113.40076923076923,0.9848257710909573,75
CUST-2645,31,Month-to-Month,Mailed Check,76.02,2243.82,1,6,0,1,144.37,0.03225806451612903,72.38129032258065,1.0502714121453591,6
CUST-2646,68,Month-to-Month,Bank Transfer,35.38,2356.71,1,35,0,1,48.18,0.014705882352941176,34.6575,1.0208468585443267,35
CUST-2647,4,Month-to-Month,Mailed Check,99.34,393.93,3,43,0,1,195.86,0.75,98.4825,1.0087071307085016,129
CUST-2648,19,One Year,Credit Card,111.49,2100.1,2,32,1,1,221.51,0.10526315789473684,110.53157894736842,1.0086710156659207,64
CUST-2649,70,Month-to-Month,Electronic Check,36.96,2610.43,4,35,0,1,38.21,0.05714285714285714,37.29185714285714,0.9911010829633433,140
CUST-2650,13,Month-to-Month,Electronic Check,101.74,1321.64,4,3,1,1,118.81,0.3076923076923077,101.66461538461539,1.0007415029811446,12
CUST-2651,23,Two Year,Electronic Check,113.32,2372.45,1,22,1,1,219.68,0.043478260869565216,103.14999999999999,1.0985942801745032,22
CUST-2652,1,Month-to-Month,Bank Transfer,113.84,110.27,0,24,0,1,160.85,0.0,110.27,1.0323750793506847,24
CUST-2653,54,Month-to-Month,Bank Transfer,111.42,6014.29,2,40,0,1,91.3,0.037037037037037035,111.37574074074074,1.0003973868902232,80
CUST-2654,71,Two Year,Credit Card,74.64,5004.79,3,25,0,0,992.53,0.04225352112676056,70.49,1.05887359909207,75
CUST-2655,15,Month-to-Month,Bank Transfer,55.62,790.05,1,27,0,1,44.98,0.06666666666666667,52.669999999999995,1.0560091133472567,27
CUST-2656,65,Month-to-Month,Mailed Check,20.73,1237.88,1,27,0,1,20.92,0.015384615384615385,19.044307692307694,1.0885142340129899,27
CUST-2657,71,Month-to-Month,Credit Card,26.09,1783.47,0,20,0,1,21.95,0.0,25.119295774647888,1.0386437674869775,20
CUST-2658,15,Month-to-Month,Electronic Check,62.88,988.5,3,9,1,1,54.55,0.2,65.9,0.9541729893778452,27
CUST-2659,21,Month-to-Month,Credit Card,59.93,1186.54,2,26,0,1,30.38,0.09523809523809523,56.50190476190476,1.0606722065838488,52
CUST-2660,19,Month-to-Month,Mailed Check,38.47,716.1,1,14,1,1,70.06,0.05263157894736842,37.689473684210526,1.020709398128753,14
CUST-2661,60,Month-to-Month,Bank Transfer,59.55,3614.04,3,16,0,1,56.21,0.05,60.234,0.9886442872796094,48
CUST-2662,33,Month-to-Month,Bank Transfer,37.47,1115.36,1,38,1,1,23.59,0.030303030303030304,33.79878787878788,1.108619638502367,38
CUST-2663,49,One Year,Bank Transfer,104.88,5319.33,1,34,1,0,1400.77,0.02040816326530612,108.55775510204082,0.9661216732182436,34
CUST-2664,35,Month-to-Month,Electronic Check,49.82,1670.43,0,4,0,1,66.46,0.0,47.72657142857143,1.0438629574420957,4
CUST-2665,44,Month-to-Month,Mailed Check,79.86,3620.55,2,15,1,1,158.87,0.045454545454545456,82.28522727272728,0.9705265774537016,30
CUST-2666,11,Two Year,Mailed Check,70.28,700.29,2,22,0,0,748.32,0.18181818181818182,63.66272727272727,1.1039426523297493,44
CUST-2667,66,One Year,Credit Card,25.19,1532.61,2,38,1,0,334.27,0.030303030303030304,23.221363636363634,1.0847769491260009,76
CUST-2668,46,Month-to-Month,Mailed Check,114.22,4982.9,1,8,1,1,132.2,0.021739130434782608,108.32391304347826,1.0544301511168195,8
CUST-2669,9,Two Year,Credit Card,72.72,622.95,1,32,0,0,843.53,0.1111111111111111,69.21666666666667,1.0506140139658078,32
CUST-2670,3,Month-to-Month,Mailed Check,52.51,161.81,3,34,0,1,49.44,1.0,53.93666666666667,0.9735492243989864,102
CUST-2671,26,Month-to-Month,Mailed Check,35.81,839.52,1,39,0,1,34.15,0.038461538461538464,32.28923076923077,1.1090384981894417,39
CUST-2672,48,One Year,Bank Transfer,53.85,2574.89,3,23,0,1,61.21,0.0625,53.643541666666664,1.003848708100152,69
CUST-2673,66,Month-to-Month,Mailed Check,22.05,1338.43,0,23,1,1,21.42,0.0,20.279242424242426,1.087318724176834,23
CUST-2674,70,Month-to-Month,Credit Card,56.36,4037.84,2,23,1,1,105.56,0.02857142857142857,57.68342857142857,0.9770570403978365,46
CUST-2675,28,Month-to-Month,Bank Transfer,73.15,2082.58,3,18,0,1,41.18,0.10714285714285714,74.37785714285714,0.9834916305736155,54
CUST-2676,26,Month-to-Month,Mailed Check,107.19,2717.23,1,38,1,1,91.31,0.038461538461538464,104.50884615384615,1.0256548028690984,38
CUST-2677,25,Month-to-Month,Electronic Check,88.74,2067.43,2,24,1,1,152.0,0.08,82.6972,1.0730713978224171,48
CUST-2678,12,Two Year,Mailed Check,31.16,372.12,6,30,0,1,54.56,0.5,31.01,1.0048371493066752,180
CUST-2679,5,Month-to-Month,Electronic Check,34.77,160.54,2,37,0,1,23.2,0.4,32.108,1.0829076865578673,74
CUST-2680,48,Two Year,Bank Transfer,62.81,2799.33,3,24,0,0,778.65,0.0625,58.319375,1.0770005679930554,72
CUST-2681,37,One Year,Electronic Check,39.57,1455.31,1,26,1,0,514.28,0.02702702702702703,39.332702702702704,1.0060330788629226,26
CUST-2682,44,Two Year,Electronic Check,22.78,1051.12,3,31,1,1,20.7,0.06818181818181818,23.889090909090907,0.9535733313037523,93
CUST-2683,15,One Year,Electronic Check,100.5,1558.24,0,10,0,1,119.0,0.0,103.88266666666667,0.9674376219324367,10
CUST-2684,43,One Year,Electronic Check,21.95,933.44,4,4,0,0,279.67,0.09302325581395349,21.707906976744187,1.0111522968803563,16
CUST-2685,48,Month-to-Month,Electronic Check,103.07,4852.27,1,43,1,1,74.73,0.020833333333333332,101.08895833333334,1.019597013356635,43
CUST-2686,70,Month-to-Month,Credit Card,34.41,2528.55,1,32,1,1,32.23,0.014285714285714285,36.12214285714286,0.9526012932312984,32
CUST-2687,46,Month-to-Month,Bank Transfer,117.47,5306.95,1,18,1,1,160.95,0.021739130434782608,115.36847826086957,1.018215735968871,18
CUST-2688,43,Two Year,Bank Transfer,80.39,3328.93,3,42,0,0,990.84,0.06976744186046512,77.41697674418604,1.0384027300063383,126
CUST-2689,21,Two Year,Bank Transfer,93.5,2035.04,3,15,0,1,97.73,0.14285714285714285,96.90666666666667,0.9648458998348927,45
CUST-2690,23,Month-to-Month,Electronic Check,31.05,667.82,0,34,0,1,31.73,0.0,29.035652173913046,1.0693749812823814,34
CUST-2691,47,Month-to-Month,Credit Card,106.21,4565.71,4,10,0,1,127.66,0.0851063829787234,97.14276595744681,1.0933392615825357,40
CUST-2692,15,Month-to-Month,Electronic Check,103.92,1551.18,3,10,1,1,152.43,0.2,103.412,1.00491238927784,30
CUST-2693,25,One Year,Electronic Check,85.3,1949.91,0,9,0,0,1071.86,0.0,77.99640000000001,1.0936402192921724,9
CUST-2694,36,Month-to-Month,Mailed Check,70.23,2416.97,2,33,1,1,69.54,0.05555555555555555,67.13805555555555,1.0460535298328073,66
CUST-2695,51,One Year,Electronic Check,92.15,4528.28,0,4,0,0,1092.46,0.0,88.78980392156862,1.0378443912478912,4
CUST-2696,15,Two Year,Bank Transfer,20.59,303.33,2,22,1,0,262.36,0.13333333333333333,20.221999999999998,1.018198002175848,44
CUST-2697,68,Month-to-Month,Electronic Check,79.24,5650.99,2,24,0,1,124.77,0.029411764705882353,83.10279411764705,0.953517879168075,48
CUST-2698,21,Month-to-Month,Bank Transfer,104.74,2052.49,2,28,0,1,78.24,0.09523809523809523,97.73761904761903,1.0716446852359818,56
CUST-2699,13,Month-to-Month,Mailed Check,55.69,692.38,3,39,0,1,49.31,0.23076923076923078,53.26,1.0456252346977093,117
CUST-2700,19,Month-to-Month,Electronic Check,30.83,538.81,1,12,0,1,35.12,0.05263157894736842,28.358421052631577,1.087155026818359,12
CUST-2701,34,Month-to-Month,Bank Transfer,62.09,2092.36,4,31,1,1,113.88,0.11764705882352941,61.540000000000006,1.0089372765680857,124
CUST-2702,68,Month-to-Month,Electronic Check,92.71,6361.97,3,33,0,1,126.08,0.04411764705882353,93.55838235294118,0.9909320540650144,99
CUST-2703,52,Two Year,Mailed Check,30.73,1553.71,1,11,0,0,367.23,0.019230769230769232,29.879038461538464,1.0284802183161592,11
CUST-2704,27,Month-to-Month,Electronic Check,40.6,1027.0,2,23,1,1,26.59,0.07407407407407407,38.03703703703704,1.0673807205452774,46
CUST-2705,29,Month-to-Month,Bank Transfer,34.76,1001.12,2,39,1,1,41.37,0.06896551724137931,34.52137931034483,1.0069122582707368,78
CUST-2706,28,Two Year,Bank Transfer,99.69,2737.93,6,20,0,1,112.51,0.21428571428571427,97.78321428571428,1.019500133312393,120
CUST-2707,35,One Year,Electronic Check,26.29,851.76,1,28,1,0,292.55,0.02857142857142857,24.336,1.080292570677186,28
CUST-2708,8,Month-to-Month,Credit Card,88.66,681.51,2,22,0,1,152.31,0.25,85.18875,1.0407477513169285,44
CUST-2709,16,One Year,Credit Card,56.65,874.93,2,32,0,1,99.83,0.125,54.683125,1.0359685917730561,64
CUST-2710,36,Month-to-Month,Bank Transfer,95.58,3603.95,1,7,0,1,143.88,0.027777777777777776,100.10972222222222,0.9547524244232024,7
CUST-2711,30,One Year,Bank Transfer,116.44,3588.89,2,41,0,1,170.27,0.06666666666666667,119.62966666666667,0.9733371599575356,82
CUST-2712,18,One Year,Electronic Check,31.45,571.85,4,12,0,1,60.5,0.2222222222222222,31.769444444444446,0.9899449156247268,48
CUST-2713,2,One Year,Bank Transfer,51.44,106.31,1,4,0,1,55.33,0.5,53.155,0.9677358668046279,4
CUST-2714,49,Month-to-Month,Electronic Check,101.01,5000.58,1,40,0,1,176.68,0.02040816326530612,102.05265306122449,0.9897831851505225,40
CUST-2715,4,Two Year,Electronic Check,46.62,193.1,0,9,1,0,488.92,0.0,48.275,0.9657172449508027,9
CUST-2716,7,Month-to-Month,Credit Card,41.51,263.89,1,13,0,1,51.36,0.14285714285714285,37.69857142857143,1.1011027321990223,13
CUST-2717,39,Month-to-Month,Bank Transfer,102.54,3872.73,0,23,1,1,163.41,0.0,99.30076923076923,1.032620399563099,23
CUST-2718,13,Month-to-Month,Mailed Check,118.71,1561.8,3,10,1,1,126.49,0.23076923076923078,120.13846153846154,0.9881098732232039,30
CUST-2719,31,Month-to-Month,Electronic Check,75.69,2317.05,2,2,0,1,55.88,0.06451612903225806,74.74354838709678,1.0126626529423188,4
CUST-2720,71,Month-to-Month,Bank Transfer,47.8,3143.59,6,28,0,1,65.95,0.08450704225352113,44.27591549295775,1.079593712920578,168
CUST-2721,63,Two Year,Electronic Check,59.86,3586.67,0,29,0,0,674.96,0.0,56.931269841269845,1.051443260740464,29
CUST-2722,56,Two Year,Electronic Check,37.01,1964.09,1,36,1,0,442.22,0.017857142857142856,35.073035714285716,1.0552265934860419,36
CUST-2723,42,Month-to-Month,Electronic Check,96.19,3794.36,0,6,0,1,174.04,0.0,90.34190476190477,1.0647329193856143,6
CUST-2724,61,Month-to-Month,Mailed Check,97.35,5650.16,2,16,0,1,61.24,0.03278688524590164,92.6255737704918,1.051005635238648,32
CUST-2725,42,Month-to-Month,Bank Transfer,107.51,4412.59,1,19,1,1,58.66,0.023809523809523808,105.06166666666667,1.0233037739740154,19
CUST-2726,56,Month-to-Month,Electronic Check,22.66,1304.78,1,10,0,1,31.94,0.017857142857142856,23.299642857142857,0.9725470960621714,10
CUST-2727,36,Month-to-Month,Bank Transfer,76.2,2774.21,3,43,0,1,75.94,0.08333333333333333,77.06138888888889,0.9888220430320704,129
CUST-2728,68,Two Year,Electronic Check,41.43,2888.48,2,24,0,0,553.05,0.029411764705882353,42.47764705882353,0.9753365091674514,48
CUST-2729,7,Month-to-Month,Bank Transfer,54.09,390.95,1,23,1,1,59.96,0.14285714285714285,55.85,0.9684870188003581,23
CUST-2730,54,Month-to-Month,Credit Card,98.5,5119.13,1,1,1,1,62.05,0.018518518518518517,94.79870370370371,1.0390437437611468,1
CUST-2731,1,Month-to-Month,Bank Transfer,39.2,37.31,2,26,0,1,19.81,2.0,37.31,1.050656660412758,52
CUST-2732,44,Two Year,Credit Card,83.83,3351.55,1,18,0,0,888.2,0.022727272727272728,76.17159090909091,1.1005415404812697,18
CUST-2733,45,One Year,Credit Card,85.46,3997.89,1,28,1,1,70.65,0.022222222222222223,88.842,0.9619324193512077,28
CUST-2734,47,Two Year,Mailed Check,115.41,4935.4,0,36,1,0,1273.97,0.0,105.00851063829786,1.0990537747700289,36
CUST-2735,13,One Year,Bank Transfer,97.52,1281.92,1,10,1,1,190.93,0.07692307692307693,98.60923076923078,0.9889540688966549,10
CUST-2736,22,Month-to-Month,Credit Card,100.36,2112.35,2,18,0,1,174.64,0.09090909090909091,96.01590909090909,1.0452434492389993,36
CUST-2737,21,Month-to-Month,Electronic Check,73.16,1601.37,2,27,1,1,48.42,0.09523809523809523,76.25571428571428,0.9594035107439256,54
CUST-2738,9,One Year,Electronic Check,38.68,335.22,1,38,0,1,48.84,0.1111111111111111,37.24666666666667,1.0384821908000714,38
CUST-2739,26,Month-to-Month,Credit Card,62.56,1663.14,2,20,0,0,697.09,0.07692307692307693,63.96692307692308,0.9780054595524129,40
CUST-2740,9,One Year,Bank Transfer,74.95,635.69,1,25,1,1,115.99,0.1111111111111111,70.63222222222223,1.061130425207255,25
CUST-2741,15,Month-to-Month,Electronic Check,87.84,1244.95,1,21,0,1,144.17,0.06666666666666667,82.99666666666667,1.0583557572593276,21
CUST-2742,10,Month-to-Month,Mailed Check,80.77,799.08,5,5,1,1,95.81,0.5,79.908,1.0107874055163437,25
CUST-2743,42,Month-to-Month,Bank Transfer,59.4,2618.79,2,10,0,0,761.61,0.047619047619047616,62.35214285714286,0.9526537064827649,20
CUST-2744,24,One Year,Mailed Check,46.53,1091.75,3,13,1,1,55.71,0.125,45.489583333333336,1.0228715365239294,39
CUST-2745,49,One Year,Bank Transfer,36.82,1877.15,0,35,0,0,479.58,0.0,38.30918367346939,0.961127240763924,35
CUST-2746,26,Month-to-Month,Bank Transfer,89.38,2365.56,2,39,1,1,126.28,0.07692307692307693,90.98307692307692,0.9823804934138216,78
CUST-2747,37,Month-to-Month,Bank Transfer,84.54,3188.6,2,40,0,1,51.21,0.05405405405405406,86.17837837837837,0.9809885216082295,80
CUST-2748,68,Month-to-Month,Mailed Check,88.74,5825.5,2,1,0,1,53.02,0.029411764705882353,85.66911764705883,1.0358458501416186,2
CUST-2749,50,Month-to-Month,Bank Transfer,57.25,2742.22,2,42,1,1,111.52,0.04,54.84439999999999,1.0438622721736404,84
CUST-2750,24,Month-to-Month,Bank Transfer,46.24,1030.73,2,19,0,1,33.65,0.08333333333333333,42.94708333333333,1.0766738137048502,38
CUST-2751,19,Month-to-Month,Bank Transfer,95.97,1904.74,1,21,0,1,90.37,0.05263157894736842,100.24947368421053,0.9573117590852295,21
CUST-2752,60,Month-to-Month,Electronic Check,97.36,6098.1,1,38,0,1,160.79,0.016666666666666666,101.635,0.9579377183057017,38
CUST-2753,39,Month-to-Month,Mailed Check,65.56,2587.68,2,3,1,1,73.07,0.05128205128205128,66.35076923076923,0.9880819884993508,6
CUST-2754,18,Month-to-Month,Credit Card,81.19,1380.22,1,28,0,1,62.69,0.05555555555555555,76.67888888888889,1.0588312008230572,28
CUST-2755,19,Month-to-Month,Electronic Check,57.35,1020.76,2,23,0,1,68.87,0.10526315789473684,53.72421052631579,1.0674889298169992,46
CUST-2756,36,Month-to-Month,Electronic Check,90.19,3403.63,2,0,0,1,122.07,0.05555555555555555,94.54527777777778,0.9539344758390306,0
CUST-2757,55,Month-to-Month,Mailed Check,103.57,5183.57,3,23,1,1,122.12,0.05454545454545454,94.24672727272727,1.0989241005716137,69
CUST-2758,69,Month-to-Month,Credit Card,88.82,6291.2,4,29,0,1,166.84,0.057971014492753624,91.1768115942029,0.9741511953204475,116
CUST-2759,47,One Year,Electronic Check,71.26,3192.87,1,11,0,0,976.14,0.02127659574468085,67.93340425531915,1.0489684829009638,11
CUST-2760,49,Month-to-Month,Electronic Check,65.87,3107.66,1,18,1,1,98.28,0.02040816326530612,63.42163265306122,1.038604609255839,18
CUST-2761,33,Month-to-Month,Electronic Check,84.23,2848.51,2,36,1,1,56.3,0.06060606060606061,86.31848484848486,0.9758048944886976,72
CUST-2762,21,Month-to-Month,Bank Transfer,87.98,1687.93,2,39,0,1,95.76,0.09523809523809523,80.37761904761905,1.0945833061797587,78
CUST-2763,22,One Year,Electronic Check,75.87,1590.9,1,42,1,1,122.26,0.045454545454545456,72.31363636363636,1.0491797095983406,42
CUST-2764,48,Two Year,Electronic Check,82.49,4129.0,5,3,0,0,1075.64,0.10416666666666667,86.02083333333333,0.958953741826108,15
CUST-2765,37,One Year,Mailed Check,29.66,1102.75,2,14,0,0,349.28,0.05405405405405406,29.804054054054053,0.9951666288823396,28
CUST-2766,15,One Year,Credit Card,115.18,1750.58,4,19,0,1,84.1,0.26666666666666666,116.70533333333333,0.9869300460418834,76
CUST-2767,35,Month-to-Month,Mailed Check,99.08,3515.05,2,43,1,1,64.8,0.05714285714285714,100.43,0.9865578014537488,86
CUST-2768,71,One Year,Electronic Check,57.39,3704.24,1,19,0,0,663.53,0.014084507042253521,52.17239436619718,1.1000070189836513,19
CUST-2769,32,One Year,Mailed Check,76.28,2271.27,0,20,0,0,789.58,0.0,70.9771875,1.0747115050170168,20
CUST-2770,11,Month-to-Month,Credit Card,24.73,264.87,2,9,0,1,16.57,0.18181818181818182,24.079090909090908,1.0270321289689281,18
CUST-2771,10,Month-to-Month,Bank Transfer,24.12,230.4,2,29,1,1,45.27,0.2,23.04,1.046875,58
CUST-2772,57,Month-to-Month,Credit Card,45.08,2470.98,2,23,0,1,37.81,0.03508771929824561,43.35052631578947,1.0398951023480563,46
CUST-2773,25,Two Year,Credit Card,88.97,2262.55,1,39,0,1,60.5,0.04,90.50200000000001,0.9830721972995071,39
CUST-2774,2,Month-to-Month,Electronic Check,105.21,189.84,1,39,0,1,84.59,0.5,94.92,1.1084070796460177,39
CUST-2775,64,One Year,Bank Transfer,75.92,4854.38,2,37,1,1,57.27,0.03125,75.8496875,1.0009269978864448,74
CUST-2776,35,Month-to-Month,Electronic Check,73.21,2306.16,6,2,1,1,46.56,0.17142857142857143,65.89028571428571,1.1110894300482186,12
CUST-2777,7,Month-to-Month,Mailed Check,60.23,383.44,2,28,0,1,102.2,0.2857142857142857,54.777142857142856,1.0995462132276237,56
CUST-2778,18,Month-to-Month,Electronic Check,36.16,625.65,0,7,1,1,44.96,0.0,34.75833333333333,1.0403260608966673,7
CUST-2779,67,Month-to-Month,Electronic Check,31.84,2189.05,0,28,0,1,34.48,0.0,32.6723880597015,0.9745231949932618,28
CUST-2780,42,Two Year,Credit Card,96.07,3719.2,3,9,1,1,185.03,0.07142857142857142,88.55238095238094,1.0848946009894602,27
CUST-2781,39,One Year,Electronic Check,112.75,4323.35,1,4,0,0,1245.46,0.02564102564102564,110.85512820512821,1.0170932263175547,4
CUST-2782,41,Month-to-Month,Credit Card,65.83,2703.82,3,10,0,1,49.4,0.07317073170731707,65.94682926829269,0.9982284323660597,30
CUST-2783,24,Two Year,Electronic Check,85.94,1927.32,3,3,1,1,78.3,0.125,80.30499999999999,1.0701699769628292,9
CUST-2784,60,Month-to-Month,Electronic Check,111.45,6532.19,3,34,1,1,95.67,0.05,108.86983333333333,1.0236995555854929,102
CUST-2785,46,Two Year,Credit Card,29.01,1383.45,8,39,0,0,341.57,0.17391304347826086,30.075,0.9645885286783044,312
CUST-2786,19,Month-to-Month,Bank Transfer,97.05,1801.23,0,11,0,1,90.96,0.0,94.80157894736843,1.023717126630136,11
CUST-2787,68,Month-to-Month,Bank Transfer,81.68,5129.89,4,20,0,1,104.07,0.058823529411764705,75.43955882352941,1.0827210719917972,80
CUST-2788,42,Month-to-Month,Electronic Check,79.86,3334.57,1,15,1,1,120.1,0.023809523809523808,79.39452380952382,1.005862824891965,15
CUST-2789,32,Month-to-Month,Mailed Check,49.25,1558.4,2,13,0,1,82.05,0.0625,48.7,1.01129363449692,26
CUST-2790,39,Month-to-Month,Bank Transfer,88.39,3116.43,1,20,0,1,138.35,0.02564102564102564,79.90846153846154,1.1061406802013842,20
CUST-2791,36,One Year,Bank Transfer,99.48,3271.82,3,26,0,1,80.42,0.08333333333333333,90.88388888888889,1.0945834428544359,78
CUST-2792,36,Two Year,Mailed Check,31.29,1040.29,1,35,1,0,416.93,0.027777777777777776,28.896944444444443,1.0828134462505647,35
CUST-2793,3,One Year,Credit Card,73.35,202.54,2,0,0,0,984.55,0.6666666666666666,67.51333333333334,1.0864520588525721,0
CUST-2794,8,Month-to-Month,Bank Transfer,30.13,226.32,0,0,0,1,24.05,0.0,28.29,1.065040650406504,0
CUST-2795,70,Month-to-Month,Credit Card,107.26,7268.81,1,21,0,1,67.29,0.014285714285714285,103.84014285714287,1.0329338640024983,21
CUST-2796,41,Month-to-Month,Bank Transfer,70.76,2772.81,2,14,0,0,920.42,0.04878048780487805,67.62951219512195,1.0462887828592657,28
CUST-2797,68,Month-to-Month,Bank Transfer,100.8,7084.69,0,19,0,1,99.81,0.0,104.18661764705882,0.9674946963099302,19
CUST-2798,13,One Year,Electronic Check,56.81,732.49,0,2,1,1,92.84,0.0,56.34538461538462,1.0082458463596773,2
CUST-2799,49,Month-to-Month,Electronic Check,32.51,1643.04,3,13,1,1,31.58,0.061224489795918366,33.53142857142857,0.9695381731424676,39
CUST-2800,60,Month-to-Month,Credit Card,24.15,1418.65,1,8,0,1,47.53,0.016666666666666666,23.644166666666667,1.0213935784020018,8
CUST-2801,2,Month-to-Month,Electronic Check,48.15,87.97,5,18,1,1,78.86,2.5,43.985,1.0946913720586564,90
CUST-2802,60,Two Year,Electronic Check,44.42,2583.89,3,39,0,1,26.05,0.05,43.06483333333333,1.03146805785076,117
CUST-2803,5,Month-to-Month,Electronic Check,76.04,389.06,3,33,0,1,96.06,0.6,77.812,0.9772271629054645,99
CUST-2804,44,Month-to-Month,Electronic Check,22.17,906.33,2,3,1,1,29.79,0.045454545454545456,20.59840909090909,1.0762967131177388,6
CUST-2805,27,Month-to-Month,Credit Card,72.06,1777.68,5,32,0,1,111.19,0.18518518518518517,65.84,1.0944714459295262,160
CUST-2806,32,Month-to-Month,Credit Card,59.18,1797.96,1,42,0,1,73.78,0.03125,56.18625,1.053282609179292,42
CUST-2807,21,Month-to-Month,Mailed Check,77.71,1563.92,3,36,1,1,95.21,0.14285714285714285,74.47238095238096,1.0434740907463296,108
CUST-2808,8,Month-to-Month,Electronic Check,90.24,682.89,1,1,0,1,94.92,0.125,85.36125,1.05715415367043,1
CUST-2809,50,One Year,Bank Transfer,83.41,3838.05,3,26,1,1,75.67,0.06,76.76100000000001,1.086619507301885,78
CUST-2810,67,Month-to-Month,Bank Transfer,118.46,7441.77,2,44,1,1,227.36,0.029850746268656716,111.07119402985076,1.0665231524220715,88
CUST-2811,44,One Year,Credit Card,33.83,1492.01,2,16,0,0,425.47,0.045454545454545456,33.90931818181818,0.9976608735866382,32
CUST-2812,58,Two Year,Mailed Check,62.97,3498.46,1,30,0,0,687.0,0.017241379310344827,60.318275862068965,1.043962200511082,30
CUST-2813,3,One Year,Electronic Check,62.48,186.48,0,40,0,1,46.92,0.0,62.16,1.005148005148005,40
CUST-2814,70,Month-to-Month,Mailed Check,61.71,4235.23,1,5,0,1,110.21,0.014285714285714285,60.50328571428571,1.0199446074947525,5
CUST-2815,2,Month-to-Month,Credit Card,86.38,169.71,3,30,0,1,119.2,1.5,84.855,1.01797183430558,90
CUST-2816,44,One Year,Bank Transfer,68.98,2844.76,0,2,1,0,834.6,0.0,64.65363636363637,1.0669160140046963,2
CUST-2817,2,One Year,Bank Transfer,71.74,140.36,1,39,0,1,122.9,0.5,70.18,1.0222285551439154,39
CUST-2818,35,Month-to-Month,Electronic Check,63.24,1999.89,0,2,0,1,109.71,0.0,57.13971428571429,1.1067608718479516,2
CUST-2819,30,One Year,Bank Transfer,119.17,3449.12,2,32,0,1,158.01,0.06666666666666667,114.97066666666666,1.0365252586166906,64
CUST-2820,8,Month-to-Month,Bank Transfer,112.76,889.35,1,12,0,1,86.34,0.125,111.16875,1.0143138247034351,12
CUST-2821,22,Month-to-Month,Electronic Check,50.77,1035.74,2,20,1,1,36.67,0.09090909090909091,47.07909090909091,1.0783980535655668,40
CUST-2822,44,Month-to-Month,Mailed Check,31.16,1286.7,1,36,0,1,42.41,0.022727272727272728,29.24318181818182,1.0655475246755264,36
CUST-2823,58,Month-to-Month,Electronic Check,103.98,5626.35,2,15,1,1,109.16,0.034482758620689655,97.00603448275862,1.0718920792343172,30
CUST-2824,36,Month-to-Month,Electronic Check,119.72,3924.54,2,20,0,1,160.07,0.05555555555555555,109.015,1.0981974957574645,40
CUST-2825,69,One Year,Electronic Check,49.26,3236.4,1,43,0,0,623.09,0.014492753623188406,46.904347826086955,1.050222469410456,43
CUST-2826,31,Month-to-Month,Electronic Check,55.78,1810.18,0,12,0,1,78.28,0.0,58.39290322580646,0.9552530687555933,12
CUST-2827,47,Month-to-Month,Mailed Check,114.16,5113.78,2,3,0,1,62.58,0.0425531914893617,108.80382978723404,1.049227772802115,6
CUST-2828,55,Month-to-Month,Electronic Check,91.11,4856.11,1,30,0,1,50.04,0.01818181818181818,88.29290909090909,1.0319061965235548,30
CUST-2829,62,Month-to-Month,Electronic Check,49.56,3066.46,3,8,0,1,78.42,0.04838709677419355,49.45903225806452,1.00204144192326,24
CUST-2830,30,Month-to-Month,Credit Card,78.1,2336.61,1,32,1,1,61.67,0.03333333333333333,77.887,1.0027347310847765,32
CUST-2831,55,One Year,Mailed Check,114.42,6560.46,1,36,0,1,169.15,0.01818181818181818,119.2810909090909,0.9592467601357222,36
CUST-2832,16,One Year,Bank Transfer,101.18,1665.24,1,36,1,1,133.54,0.0625,104.0775,0.9721601691047538,36
CUST-2833,12,One Year,Mailed Check,94.18,1151.74,1,23,0,1,185.79,0.08333333333333333,95.97833333333334,0.9812631323041658,23
CUST-2834,17,One Year,Bank Transfer,93.7,1660.99,0,24,0,1,164.27,0.0,97.70529411764706,0.9590063757156877,24
CUST-2835,16,Month-to-Month,Electronic Check,37.8,565.26,3,40,0,1,42.32,0.1875,35.32875,1.0699501114531365,120
CUST-2836,12,Month-to-Month,Credit Card,102.47,1220.49,2,28,0,1,145.98,0.16666666666666666,101.7075,1.0074969889142886,56
CUST-2837,8,Month-to-Month,Electronic Check,47.61,393.48,1,39,1,1,32.18,0.125,49.185,0.9679780420860018,39
CUST-2838,3,Month-to-Month,Bank Transfer,113.04,336.96,3,35,0,1,122.04,1.0,112.32,1.0064102564102566,105
CUST-2839,16,Two Year,Electronic Check,56.46,945.47,1,14,0,0,657.42,0.0625,59.091875,0.9554613049594382,14
CUST-2840,30,Month-to-Month,Bank Transfer,105.77,2903.55,0,44,0,1,151.67,0.0,96.78500000000001,1.0928346334659296,44
CUST-2841,23,Month-to-Month,Mailed Check,46.62,1035.7,1,17,0,1,57.19,0.043478260869565216,45.0304347826087,1.0352997972385825,17
CUST-2842,5,Two Year,Mailed Check,71.45,373.9,1,19,1,1,54.64,0.2,74.78,0.9554693768387269,19
CUST-2843,65,Two Year,Electronic Check,30.69,1908.94,4,4,0,0,333.96,0.06153846153846154,29.368307692307692,1.045004033652184,16
CUST-2844,30,One Year,Bank Transfer,86.01,2608.51,4,17,1,1,78.25,0.13333333333333333,86.95033333333335,0.9891853970274217,68
CUST-2845,21,Month-to-Month,Credit Card,103.61,1968.15,3,39,0,1,179.32,0.14285714285714285,93.72142857142858,1.1055102507430836,117
CUST-2846,70,Month-to-Month,Credit Card,91.84,6455.97,4,0,1,1,130.18,0.05714285714285714,92.22814285714286,0.9957914922157322,0
CUST-2847,22,Month-to-Month,Electronic Check,72.33,1655.22,1,18,1,1,76.6,0.045454545454545456,75.23727272727272,0.9613586109399355,18
CUST-2848,32,Month-to-Month,Electronic Check,24.51,750.91,2,22,0,1,13.75,0.0625,23.4659375,1.0444926822122493,44
CUST-2849,33,Month-to-Month,Credit Card,113.34,3378.15,2,25,0,1,96.18,0.06060606060606061,102.36818181818182,1.1071799653656587,50
CUST-2850,16,Month-to-Month,Mailed Check,90.55,1309.99,2,28,1,1,166.03,0.125,81.874375,1.1059626409361902,56
CUST-2851,38,Two Year,Bank Transfer,94.59,3715.92,3,33,0,1,163.35,0.07894736842105263,97.78736842105263,0.9673028482852161,99
CUST-2852,14,Month-to-Month,Credit Card,99.47,1404.25,0,18,1,1,135.51,0.0,100.30357142857143,0.9916895139754317,18
CUST-2853,36,One Year,Credit Card,94.77,3125.15,4,17,0,0,1228.51,0.1111111111111111,86.80972222222222,1.0916979984960722,68
CUST-2854,23,One Year,Mailed Check,64.11,1339.15,4,1,0,1,94.29,0.17391304347826086,58.22391304347826,1.1010939775230557,4
CUST-2855,66,Month-to-Month,Mailed Check,93.36,6289.46,3,26,1,1,111.97,0.045454545454545456,95.29484848484849,0.9796961901339701,78
CUST-2856,2,One Year,Electronic Check,82.5,168.54,1,5,0,1,120.98,0.5,84.27,0.978996084015664,5
CUST-2857,65,Month-to-Month,Bank Transfer,105.4,6289.75,2,38,0,1,101.3,0.03076923076923077,96.76538461538462,1.0892324814181804,76
CUST-2858,67,Month-to-Month,Electronic Check,100.25,6348.86,1,5,0,1,176.21,0.014925373134328358,94.75910447761194,1.0579458359453509,5
CUST-2859,52,One Year,Electronic Check,24.14,1276.62,2,5,0,0,315.25,0.038461538461538464,24.550384615384612,0.9832839842709656,10
CUST-2860,62,Month-to-Month,Electronic Check,57.89,3513.13,2,30,1,0,719.22,0.03225806451612903,56.663387096774194,1.0216473628929188,60
CUST-2861,23,Two Year,Electronic Check,23.47,563.29,1,40,1,1,40.98,0.043478260869565216,24.49086956521739,0.9583163201903104,40
CUST-2862,26,Month-to-Month,Bank Transfer,30.21,763.59,2,39,1,1,37.19,0.07692307692307693,29.368846153846157,1.0286410246336384,78
CUST-2863,68,One Year,Bank Transfer,80.14,5457.93,2,29,0,1,61.06,0.029411764705882353,80.26367647058824,0.998459122780981,58
CUST-2864,55,Month-to-Month,Mailed Check,107.38,5766.92,2,20,0,1,66.21,0.03636363636363636,104.85309090909091,1.0240995193274747,40
CUST-2865,6,Month-to-Month,Electronic Check,31.98,199.83,3,40,1,1,49.55,0.5,33.305,0.9602161837561928,120
CUST-2866,35,Month-to-Month,Credit Card,65.11,2187.24,5,43,0,1,117.05,0.14285714285714285,62.492571428571424,1.041883835335857,215
CUST-2867,22,One Year,Electronic Check,111.09,2283.82,0,17,0,1,190.09,0.0,103.81,1.0701281186783547,17
CUST-2868,43,Two Year,Bank Transfer,101.43,4139.03,0,22,1,0,1160.44,0.0,96.25651162790697,1.0537468923878301,22
CUST-2869,15,Two Year,Credit Card,71.97,1109.69,5,37,0,1,51.25,0.3333333333333333,73.97933333333334,0.97283926141535,185
CUST-2870,60,Month-to-Month,Mailed Check,97.16,5682.06,2,22,0,1,62.29,0.03333333333333333,94.70100000000001,1.025965934889811,44
CUST-2871,12,One Year,Mailed Check,72.27,826.6,2,27,0,1,73.54,0.16666666666666666,68.88333333333334,1.049165255262521,54
CUST-2872,49,One Year,Credit Card,35.81,1722.47,1,35,0,0,439.41,0.02040816326530612,35.15244897959184,1.018705695890204,35
CUST-2873,42,One Year,Electronic Check,32.47,1254.62,4,24,0,1,63.08,0.09523809523809523,29.87190476190476,1.0869745420924264,96
CUST-2874,38,Month-to-Month,Mailed Check,38.84,1329.51,2,6,1,1,33.48,0.05263157894736842,34.98710526315789,1.1101232785011022,12
CUST-2875,45,One Year,Mailed Check,55.09,2335.48,0,17,0,0,651.94,0.0,51.89955555555556,1.0614734444311233,17
CUST-2876,35,Two Year,Electronic Check,113.05,3920.15,4,19,0,1,153.84,0.11428571428571428,112.00428571428571,1.009336377434537,76
CUST-2877,30,Month-to-Month,Credit Card,99.97,3019.35,1,4,1,1,54.75,0.03333333333333333,100.645,0.993293258482786,4
CUST-2878,30,Two Year,Credit Card,63.28,1943.95,0,17,0,0,695.92,0.0,64.79833333333333,0.9765683273746754,17
CUST-2879,6,One Year,Bank Transfer,69.31,432.08,3,41,0,1,118.44,0.5,72.01333333333334,0.9624606554341789,123
CUST-2880,67,Month-to-Month,Electronic Check,46.56,3000.41,2,39,0,1,42.56,0.029850746268656716,44.782238805970145,1.0396979079525799,78
CUST-2881,7,Month-to-Month,Electronic Check,90.44,640.09,1,32,1,1,166.96,0.14285714285714285,91.44142857142857,0.9890484150666312,32
CUST-2882,52,Month-to-Month,Bank Transfer,100.28,4751.51,0,14,0,1,85.68,0.0,91.37519230769232,1.0974532306572016,14
CUST-2883,14,Month-to-Month,Electronic Check,43.89,558.32,2,34,0,1,26.98,0.14285714285714285,39.88,1.1005516549648946,68
CUST-2884,15,Two Year,Bank Transfer,24.18,333.22,0,0,0,1,17.89,0.0,22.21466666666667,1.0884700798271412,0
CUST-2885,21,Month-to-Month,Mailed Check,82.39,1673.59,0,20,0,1,144.64,0.0,79.6947619047619,1.0338195137399244,20
CUST-2886,35,Two Year,Bank Transfer,76.25,2486.45,2,7,0,0,917.51,0.05714285714285714,71.04142857142857,1.0733173802006877,14
CUST-2887,66,Two Year,Mailed Check,60.21,3747.5,4,6,1,0,673.67,0.06060606060606061,56.78030303030303,1.0604029352901934,24
CUST-2888,2,Month-to-Month,Mailed Check,84.39,168.3,2,40,0,1,109.44,1.0,84.15,1.0028520499108733,80
CUST-2889,35,Two Year,Electronic Check,75.06,2505.67,2,43,1,0,972.34,0.05714285714285714,71.59057142857144,1.0484620879844513,86
CUST-2890,20,Two Year,Electronic Check,45.06,886.43,1,39,0,0,619.51,0.05,44.3215,1.016662342204122,39
CUST-2891,10,One Year,Mailed Check,59.77,574.9,1,39,0,1,67.85,0.1,57.489999999999995,1.0396590711428075,39
CUST-2892,25,One Year,Bank Transfer,62.81,1453.02,5,29,0,0,787.46,0.2,58.1208,1.080680238400022,145
CUST-2893,66,Two Year,Bank Transfer,108.02,6495.54,1,37,1,0,1339.63,0.015151515151515152,98.41727272727273,1.0975715644888646,37
CUST-2894,25,One Year,Bank Transfer,116.09,2714.87,2,34,1,1,168.85,0.08,108.59479999999999,1.069019879404907,68
CUST-2895,54,Month-to-Month,Credit Card,109.3,5363.06,1,1,1,1,169.84,0.018518518518518517,99.31592592592594,1.1005284296651536,1
CUST-2896,33,Two Year,Electronic Check,91.92,3011.49,2,7,1,0,1034.12,0.06060606060606061,91.25727272727272,1.0072621858282778,14
CUST-2897,36,One Year,Electronic Check,78.5,2880.7,4,37,1,1,65.66,0.1111111111111111,80.01944444444445,0.981011559690353,148
CUST-2898,14,One Year,Electronic Check,88.93,1183.97,2,3,0,1,125.06,0.14285714285714285,84.56928571428571,1.0515638065153678,6
CUST-2899,65,Month-to-Month,Bank Transfer,113.91,7093.67,2,36,0,1,130.98,0.03076923076923077,109.13338461538461,1.0437685993286974,72
CUST-2900,54,One Year,Mailed Check,45.0,2484.5,0,20,0,0,493.59,0.0,46.00925925925926,0.9780639967800362,20
CUST-2901,52,Month-to-Month,Credit Card,73.51,3567.91,2,12,0,1,48.52,0.038461538461538464,68.61365384615384,1.0713611049606073,24
CUST-2902,3,Two Year,Mailed Check,88.96,244.96,0,8,0,0,1130.8,0.0,81.65333333333334,1.0894839973873285,8
CUST-2903,41,Month-to-Month,Credit Card,87.92,3515.21,2,44,0,1,154.34,0.04878048780487805,85.73682926829268,1.0254636280620504,88
CUST-2904,6,Month-to-Month,Credit Card,45.23,270.55,3,28,0,1,73.48,0.5,45.09166666666667,1.0030678248013305,84
CUST-2905,25,Month-to-Month,Electronic Check,78.67,1946.98,1,40,0,1,84.45,0.04,77.8792,1.0101541875109143,40
CUST-2906,13,Month-to-Month,Mailed Check,99.59,1303.84,1,23,0,1,173.56,0.07692307692307693,100.2953846153846,0.9929669284574796,23
CUST-2907,8,One Year,Bank Transfer,67.51,490.67,1,15,0,1,41.93,0.125,61.33375,1.1006990441641022,15
CUST-2908,21,Two Year,Electronic Check,99.33,2011.32,1,11,1,0,1047.07,0.047619047619047616,95.77714285714285,1.0370950420619296,11
CUST-2909,68,Two Year,Mailed Check,55.99,3562.84,2,1,0,0,698.42,0.029411764705882353,52.394705882352945,1.0686194159715283,2
CUST-2910,25,Month-to-Month,Bank Transfer,113.88,2886.48,4,18,0,1,200.23,0.16,115.4592,0.9863224411740251,72
CUST-2911,68,Month-to-Month,Electronic Check,73.39,5144.77,3,29,1,1,77.73,0.04411764705882353,75.65838235294119,0.9700180960470535,87
CUST-2912,45,Two Year,Bank Transfer,79.59,3374.54,2,15,0,0,1023.19,0.044444444444444446,74.98977777777777,1.0613446573458902,30
CUST-2913,60,Two Year,Bank Transfer,23.14,1269.39,0,23,0,0,238.14,0.0,21.1565,1.0937536927185498,23
CUST-2914,12,Month-to-Month,Electronic Check,37.03,416.82,1,12,0,1,65.18,0.08333333333333333,34.735,1.066071685619692,12
CUST-2915,32,Month-to-Month,Mailed Check,83.29,2440.33,1,4,0,1,107.96,0.03125,76.2603125,1.0921801559625133,4
CUST-2916,13,Month-to-Month,Electronic Check,61.99,764.26,0,22,0,1,102.12,0.0,58.78923076923077,1.0544448224426242,22
CUST-2917,31,Two Year,Bank Transfer,70.82,2153.11,0,37,0,0,749.66,0.0,69.45516129032258,1.0196506448811253,37
CUST-2918,20,One Year,Electronic Check,26.3,550.22,1,30,0,1,36.43,0.05,27.511000000000003,0.9559812438660898,30
CUST-2919,18,Month-to-Month,Credit Card,103.41,1786.75,2,16,1,1,137.06,0.1111111111111111,99.26388888888889,1.0417685742269485,32
CUST-2920,60,Month-to-Month,Mailed Check,98.45,5511.27,2,2,0,1,139.3,0.03333333333333333,91.8545,1.0718037766249884,4
CUST-2921,63,Two Year,Electronic Check,38.54,2245.97,3,25,0,0,430.82,0.047619047619047616,35.65031746031746,1.0810562919362234,75
CUST-2922,6,Month-to-Month,Mailed Check,83.43,463.52,2,12,0,1,156.61,0.3333333333333333,77.25333333333333,1.0799534000690372,24
CUST-2923,32,Month-to-Month,Mailed Check,101.83,3026.84,0,43,0,1,170.92,0.0,94.58875,1.0765550871535992,43
CUST-2924,43,One Year,Mailed Check,84.09,3667.72,2,37,1,1,69.75,0.046511627906976744,85.29581395348836,0.9858631520399596,74
CUST-2925,2,Month-to-Month,Mailed Check,51.04,92.81,2,21,0,1,88.75,1.0,46.405,1.0998814782889774,42
CUST-2926,60,Month-to-Month,Mailed Check,85.61,5391.43,5,20,1,1,58.48,0.08333333333333333,89.85716666666667,0.9527342467582811,100
CUST-2927,23,Two Year,Electronic Check,41.05,923.76,2,28,0,0,501.48,0.08695652173913043,40.16347826086957,1.0220728327704165,56
CUST-2928,31,Two Year,Electronic Check,51.83,1577.23,1,44,1,0,572.17,0.03225806451612903,50.8783870967742,1.018703676699023,44
CUST-2929,5,Two Year,Bank Transfer,44.01,209.85,1,38,0,0,551.35,0.2,41.97,1.0486061472480344,38
CUST-2930,34,Two Year,Mailed Check,75.69,2582.57,1,4,0,0,1012.97,0.029411764705882353,75.9579411764706,0.9964725060695352,4
CUST-2931,10,One Year,Electronic Check,30.82,299.18,0,13,1,1,52.33,0.0,29.918,1.0301490741359718,13
CUST-2932,2,Two Year,Credit Card,113.33,215.18,0,17,1,1,142.3,0.0,107.59,1.0533506831489914,17
CUST-2933,11,Month-to-Month,Electronic Check,53.35,551.5,2,3,0,1,51.39,0.18181818181818182,50.13636363636363,1.0640979147778786,6
CUST-2934,50,One Year,Bank Transfer,41.9,2176.39,1,32,1,0,432.48,0.02,43.5278,0.9626032099026369,32
CUST-2935,31,Two Year,Electronic Check,69.65,2037.48,4,38,0,1,136.03,0.12903225806451613,65.72516129032257,1.0597159235918883,152
CUST-2936,56,Month-to-Month,Electronic Check,47.7,2578.93,2,19,0,1,38.28,0.03571428571428571,46.052321428571425,1.035778404221906,38
CUST-2937,9,Month-to-Month,Credit Card,73.49,630.03,0,12,0,1,100.64,0.0,70.00333333333333,1.049807152040379,12
CUST-2938,21,Month-to-Month,Electronic Check,54.85,1051.55,0,35,1,1,34.27,0.0,50.07380952380952,1.0953830060387049,35
CUST-2939,28,Month-to-Month,Bank Transfer,33.21,862.83,1,44,1,1,27.46,0.03571428571428571,30.815357142857145,1.077709398143319,44
CUST-2940,62,Month-to-Month,Electronic Check,46.59,2681.83,0,3,0,1,76.64,0.0,43.255322580645164,1.0770928806076447,3
CUST-2941,7,Two Year,Bank Transfer,63.84,448.69,2,34,0,1,60.9,0.2857142857142857,64.09857142857143,0.9959660344558604,68
CUST-2942,16,Two Year,Credit Card,23.03,354.1,1,7,0,0,242.95,0.0625,22.13125,1.040609997175939,7
CUST-2943,4,Month-to-Month,Electronic Check,97.06,394.95,3,39,0,1,121.44,0.75,98.7375,0.9830105076591974,117
CUST-2944,4,Month-to-Month,Credit Card,82.18,330.8,2,35,0,1,104.76,0.5,82.7,0.9937122128174124,70
CUST-2945,40,Month-to-Month,Mailed Check,80.14,2977.39,1,5,0,1,44.44,0.025,74.43475,1.07664766792392,5
CUST-2946,17,Two Year,Bank Transfer,74.6,1248.46,4,21,0,1,144.34,0.23529411764705882,73.43882352941176,1.0158114797430433,84
CUST-2947,52,Month-to-Month,Mailed Check,79.03,4156.56,3,5,0,1,60.17,0.057692307692307696,79.93384615384616,0.9886925727043516,15
CUST-2948,52,Month-to-Month,Credit Card,113.47,5870.68,2,41,0,1,148.36,0.038461538461538464,112.89769230769231,1.0050692594384296,82
CUST-2949,36,Month-to-Month,Electronic Check,20.86,743.45,6,35,1,1,22.81,0.16666666666666666,20.65138888888889,1.0101015535678257,210
CUST-2950,38,Month-to-Month,Electronic Check,24.78,951.94,6,8,0,1,27.84,0.15789473684210525,25.051052631578948,0.9891799903355254,48
CUST-2951,50,Month-to-Month,Credit Card,39.15,1778.42,0,15,0,1,57.35,0.0,35.568400000000004,1.1006961235253763,15
CUST-2952,63,Two Year,Bank Transfer,36.73,2336.47,3,38,0,1,54.84,0.047619047619047616,37.0868253968254,0.990378648131583,114
CUST-2953,63,One Year,Electronic Check,38.12,2259.62,2,37,0,0,443.65,0.031746031746031744,35.86698412698413,1.0628158716952407,74
CUST-2954,62,One Year,Mailed Check,87.19,5328.91,3,32,0,1,108.93,0.04838709677419355,85.95016129032258,1.0144250888080302,96
CUST-2955,7,Month-to-Month,Mailed Check,65.95,432.26,2,17,1,1,111.17,0.2857142857142857,61.75142857142857,1.067991486605284,34
CUST-2956,27,One Year,Mailed Check,119.18,3300.95,4,11,1,0,1476.16,0.14814814814814814,122.2574074074074,0.9748284584740757,44
CUST-2957,14,One Year,Electronic Check,42.69,580.98,0,26,1,1,31.96,0.0,41.49857142857143,1.0287101105029433,26
CUST-2958,71,Month-to-Month,Bank Transfer,51.08,3613.77,0,0,0,1,49.54,0.0,50.89816901408451,1.003572446503236,0
CUST-2959,5,One Year,Electronic Check,118.42,603.42,3,14,0,1,96.93,0.6,120.684,0.9812402638295052,42
CUST-2960,55,Month-to-Month,Bank Transfer,103.18,5869.53,3,26,0,1,71.06,0.05454545454545454,106.71872727272726,0.9668406158585101,78
CUST-2961,2,Two Year,Credit Card,66.98,135.27,1,15,1,0,881.3,0.5,67.635,0.9903156649663636,15
CUST-2962,62,Month-to-Month,Mailed Check,75.46,4315.07,1,20,1,1,98.96,0.016129032258064516,69.59790322580645,1.0842280658251198,20
CUST-2963,21,Two Year,Electronic Check,104.32,2252.45,2,0,0,0,1359.28,0.09523809523809523,107.2595238095238,0.9725942862216698,0
CUST-2964,21,Month-to-Month,Electronic Check,68.1,1419.78,2,28,0,1,95.73,0.09523809523809523,67.60857142857142,1.0072687317753455,56
CUST-2965,10,One Year,Mailed Check,40.6,402.52,2,2,1,1,80.78,0.2,40.251999999999995,1.0086455331412105,4
CUST-2966,58,One Year,Bank Transfer,102.84,6192.58,3,11,0,1,200.15,0.05172413793103448,106.76862068965517,0.9632043510136326,33
CUST-2967,39,One Year,Electronic Check,73.78,2697.08,3,27,1,1,128.65,0.07692307692307693,69.15589743589743,1.0668649057499222,81
CUST-2968,5,Month-to-Month,Bank Transfer,35.3,165.19,0,38,1,1,31.75,0.0,33.038,1.0684666142018282,38
CUST-2969,65,Month-to-Month,Electronic Check,70.56,4480.82,3,36,0,1,37.65,0.046153846153846156,68.9356923076923,1.0235626514789704,108
CUST-2970,13,One Year,Electronic Check,61.32,807.23,3,30,1,1,107.33,0.23076923076923078,62.09461538461539,0.9875252406377364,90
CUST-2971,53,Month-to-Month,Electronic Check,107.68,5519.2,2,30,1,1,62.84,0.03773584905660377,104.13584905660377,1.0340339179591245,60
CUST-2972,45,Month-to-Month,Electronic Check,32.61,1460.24,1,32,1,1,26.36,0.022222222222222223,32.449777777777776,1.0049375445132307,32
CUST-2973,32,One Year,Electronic Check,107.52,3330.12,1,32,0,1,141.57,0.03125,104.06625,1.0331879932254693,32
CUST-2974,36,Month-to-Month,Mailed Check,71.22,2542.28,1,39,0,1,54.67,0.027777777777777776,70.61888888888889,1.0085120443066853,39
CUST-2975,60,Month-to-Month,Credit Card,60.44,3711.04,2,10,0,1,105.81,0.03333333333333333,61.85066666666667,0.9771923773389669,20
CUST-2976,11,Month-to-Month,Bank Transfer,36.2,369.16,1,28,0,1,60.3,0.09090909090909091,33.56,1.0786650774731823,28
CUST-2977,63,Month-to-Month,Electronic Check,90.08,5699.48,2,24,0,1,147.16,0.031746031746031744,90.4679365079365,0.9957118895057093,48
CUST-2978,21,One Year,Electronic Check,112.68,2409.14,3,12,0,1,194.28,0.14285714285714285,114.72095238095237,0.9822094191288179,36
CUST-2979,52,One Year,Electronic Check,57.54,2893.54,2,43,1,0,630.99,0.038461538461538464,55.644999999999996,1.0340551711744093,86
CUST-2980,55,Two Year,Electronic Check,44.16,2303.68,2,18,0,0,557.39,0.03636363636363636,41.885090909090906,1.0543130990415335,36
CUST-2981,26,Two Year,Mailed Check,75.49,1770.45,2,35,0,0,802.01,0.07692307692307693,68.09423076923078,1.1086108051625292,70
CUST-2982,68,Month-to-Month,Mailed Check,99.62,6906.7,1,27,0,1,149.46,0.014705882352941176,101.56911764705882,0.9808099381759742,27
CUST-2983,34,Month-to-Month,Electronic Check,20.38,657.71,1,3,1,1,13.92,0.029411764705882353,19.34441176470588,1.0535342324124615,3
CUST-2984,52,Month-to-Month,Electronic Check,83.14,4122.66,1,2,0,1,129.56,0.019230769230769232,79.28192307692308,1.0486627565697875,2
CUST-2985,52,Month-to-Month,Electronic Check,79.65,3936.37,0,37,0,1,155.97,0.0,75.69942307692307,1.0521876754471762,37
CUST-2986,29,Two Year,Electronic Check,51.82,1464.93,0,36,1,0,576.68,0.0,50.5148275862069,1.0258374120265132,36
CUST-2987,38,Month-to-Month,Bank Transfer,65.14,2488.62,0,42,0,1,41.74,0.0,65.49,0.9946556726217745,42
CUST-2988,42,Month-to-Month,Electronic Check,44.7,1907.02,1,24,0,1,30.64,0.023809523809523808,45.4052380952381,0.9844679132887961,24
CUST-2989,21,Month-to-Month,Mailed Check,98.99,1993.32,1,40,1,1,113.43,0.047619047619047616,94.92,1.0428782132321954,40
CUST-2990,42,One Year,Mailed Check,83.45,3503.03,2,34,1,0,1122.95,0.047619047619047616,83.4054761904762,1.0005338235755903,68
CUST-2991,13,One Year,Credit Card,73.27,960.23,1,28,0,1,125.32,0.07692307692307693,73.86384615384615,0.9919602595211563,28
CUST-2992,64,Month-to-Month,Credit Card,59.25,3581.69,3,40,1,1,71.73,0.046875,55.96390625,1.0587180911804204,120
CUST-2993,17,Two Year,Bank Transfer,49.14,763.95,3,28,1,1,60.29,0.17647058823529413,44.938235294117646,1.0935008835656783,84
CUST-2994,9,Month-to-Month,Electronic Check,102.27,951.91,4,11,0,1,161.13,0.4444444444444444,105.76777777777778,0.9669296467102981,44
CUST-2995,41,Month-to-Month,Mailed Check,65.14,2674.93,1,34,0,1,67.94,0.024390243902439025,65.24219512195121,0.9984336038700079,34
CUST-2996,1,Two Year,Bank Transfer,70.14,69.94,1,19,0,0,952.03,1.0,69.94,1.002859593937661,19
CUST-2997,2,Month-to-Month,Electronic Check,72.08,131.02,2,16,0,1,117.88,1.0,65.51,1.1002900320561746,32
CUST-2998,60,Two Year,Mailed Check,64.84,3978.64,3,11,0,0,822.54,0.05,66.31066666666666,0.9778215671686808,33
CUST-2999,48,Two Year,Credit Card,45.61,2156.24,2,35,1,0,564.14,0.041666666666666664,44.92166666666666,1.0153229696137722,70
CUST-3000,29,One Year,Mailed Check,32.03,954.12,6,9,0,1,22.92,0.20689655172413793,32.900689655172414,0.9735358235861318,54
CUST-3001,10,One Year,Electronic Check,29.85,312.29,0,17,1,1,24.47,0.0,31.229000000000003,0.9558423260431009,17
CUST-3002,58,Month-to-Month,Electronic Check,95.75,5795.44,2,29,0,1,98.37,0.034482758620689655,99.92137931034482,0.9582533854202615,58
CUST-3003,60,Two Year,Mailed Check,42.35,2613.2,1,7,0,0,438.79,0.016666666666666666,43.55333333333333,0.9723710393387419,7
CUST-3004,21,Month-to-Month,Electronic Check,25.57,484.15,1,40,0,1,38.43,0.047619047619047616,23.054761904761904,1.1090984199111846,40
CUST-3005,28,One Year,Bank Transfer,99.75,2884.78,1,12,0,0,1137.98,0.03571428571428571,103.02785714285714,0.9681847489236615,12
CUST-3006,34,Two Year,Bank Transfer,35.41,1097.1,2,30,0,1,27.91,0.058823529411764705,32.26764705882353,1.0973840123963174,60
CUST-3007,8,Two Year,Electronic Check,82.51,678.35,0,5,1,0,1025.76,0.0,84.79375,0.9730670008107909,5
CUST-3008,59,Two Year,Credit Card,53.86,2993.51,3,6,0,0,616.61,0.05084745762711865,50.73745762711865,1.061543138322571,18
CUST-3009,49,Month-to-Month,Mailed Check,32.65,1586.27,2,20,0,1,41.1,0.04081632653061224,32.37285714285714,1.0085609637703543,40
CUST-3010,17,Two Year,Electronic Check,61.45,946.15,2,37,1,1,87.94,0.11764705882352941,55.65588235294118,1.104106114252497,74
CUST-3011,60,One Year,Bank Transfer,21.48,1309.0,0,42,0,0,295.04,0.0,21.816666666666666,0.9845683728036669,42
CUST-3012,45,Two Year,Bank Transfer,104.1,4294.54,1,27,0,0,1125.72,0.022222222222222223,95.43422222222222,1.0908036716388716,27
CUST-3013,69,One Year,Bank Transfer,71.35,4734.12,0,43,0,0,897.13,0.0,68.61043478260869,1.039929279359205,43
CUST-3014,32,Month-to-Month,Credit Card,33.92,1109.99,1,20,1,1,48.87,0.03125,34.6871875,0.9778826836277805,20
CUST-3015,44,Month-to-Month,Bank Transfer,43.7,1931.07,1,20,0,1,47.69,0.022727272727272728,43.88795454545454,0.995717400197818,20
CUST-3016,65,One Year,Credit Card,64.8,3794.62,3,23,0,1,48.23,0.046153846153846156,58.37876923076923,1.1099925684258238,69
CUST-3017,8,One Year,Mailed Check,38.89,298.82,0,26,0,1,26.28,0.0,37.3525,1.0411619034870492,26
CUST-3018,43,Month-to-Month,Bank Transfer,46.86,1826.15,1,26,1,1,62.72,0.023255813953488372,42.46860465116279,1.103403334884867,26
CUST-3019,1,One Year,Credit Card,73.44,73.52,0,12,0,0,793.57,0.0,73.52,0.998911860718172,12
CUST-3020,51,Month-to-Month,Bank Transfer,103.26,5505.04,3,28,1,1,206.12,0.058823529411764705,107.94196078431372,0.9566252016334124,84
CUST-3021,24,Two Year,Electronic Check,60.18,1441.85,1,38,1,0,705.01,0.041666666666666664,60.07708333333333,1.0017130769497522,38
CUST-3022,24,Month-to-Month,Mailed Check,91.7,2054.79,2,27,0,1,75.05,0.08333333333333333,85.61625,1.071058356328384,54
CUST-3023,17,Month-to-Month,Mailed Check,107.67,1744.88,4,36,1,1,155.4,0.23529411764705882,102.64,1.0490062353858145,144
CUST-3024,5,Month-to-Month,Electronic Check,41.63,217.83,3,28,1,1,36.07,0.6,43.566,0.9555616765367488,84
CUST-3025,20,Month-to-Month,Credit Card,100.72,1880.66,3,21,0,1,125.01,0.15,94.033,1.0711133325534652,63
CUST-3026,21,Month-to-Month,Electronic Check,95.74,1978.83,2,35,0,1,117.17,0.09523809523809523,94.22999999999999,1.0160246206091479,70
CUST-3027,58,Month-to-Month,Electronic Check,55.69,3101.04,1,29,0,1,65.73,0.017241379310344827,53.466206896551725,1.0415924980006708,29
CUST-3028,31,Month-to-Month,Credit Card,118.95,3743.67,2,27,0,1,201.52,0.06451612903225806,120.76354838709678,0.9849826507144059,54
CUST-3029,11,Two Year,Mailed Check,46.26,524.18,2,22,1,1,38.16,0.18181818181818182,47.65272727272727,0.9707733984509138,44
CUST-3030,52,Two Year,Electronic Check,45.48,2249.37,4,32,0,0,577.29,0.07692307692307693,43.25711538461538,1.0513877218954641,128
CUST-3031,15,Month-to-Month,Mailed Check,97.23,1457.08,4,3,0,1,164.03,0.26666666666666666,97.13866666666667,1.000940236637659,12
CUST-3032,7,Two Year,Bank Transfer,63.47,436.45,1,2,1,0,773.55,0.14285714285714285,62.35,1.017963111467522,2
CUST-3033,28,Month-to-Month,Electronic Check,53.08,1399.69,2,31,0,1,40.92,0.07142857142857142,49.98892857142857,1.0618351206338545,62
CUST-3034,51,One Year,Credit Card,37.87,1817.02,2,3,0,0,455.42,0.0392156862745098,35.6278431372549,1.0629327140042488,6
CUST-3035,58,One Year,Mailed Check,96.53,5491.21,2,0,1,0,1140.78,0.034482758620689655,94.67603448275862,1.019582205014924,0
CUST-3036,5,Month-to-Month,Mailed Check,98.63,455.23,1,11,0,1,131.71,0.2,91.046,1.0832985523801155,11
CUST-3037,5,Month-to-Month,Mailed Check,76.66,391.59,1,12,1,1,43.66,0.2,78.318,0.9788298986184529,12
CUST-3038,8,Month-to-Month,Bank Transfer,115.73,842.84,1,33,0,1,216.59,0.125,105.355,1.0984765791846614,33
CUST-3039,64,Month-to-Month,Electronic Check,51.82,3031.88,4,28,0,1,33.58,0.0625,47.373125,1.093869150494083,112
CUST-3040,10,One Year,Electronic Check,41.96,399.18,3,8,0,1,38.56,0.3,39.918,1.0511548674783306,24
CUST-3041,38,Month-to-Month,Mailed Check,87.75,3060.12,2,30,0,1,58.26,0.05263157894736842,80.52947368421053,1.0896631504646876,60
CUST-3042,8,Month-to-Month,Credit Card,95.84,744.76,2,6,1,1,84.82,0.25,93.095,1.029486008915624,12
CUST-3043,25,Month-to-Month,Electronic Check,42.49,1019.71,3,12,1,1,74.63,0.12,40.7884,1.041717743279952,36
CUST-3044,66,Month-to-Month,Bank Transfer,27.66,1840.66,1,1,1,1,39.35,0.015151515151515152,27.88878787878788,0.9917964208490432,1
CUST-3045,50,Month-to-Month,Credit Card,101.05,5269.51,2,32,0,1,84.98,0.04,105.39020000000001,0.958817802793808,64
CUST-3046,67,Month-to-Month,Electronic Check,117.65,7985.29,2,6,1,1,212.67,0.029850746268656716,119.1834328358209,0.9871338423526259,12
CUST-3047,49,Two Year,Electronic Check,84.47,3836.54,2,17,1,0,1164.49,0.04081632653061224,78.29673469387755,1.0788444796613614,34
CUST-3048,36,Month-to-Month,Electronic Check,47.79,1789.82,4,7,0,1,77.92,0.1111111111111111,49.71722222222222,0.9612363254405472,28
CUST-3049,68,Month-to-Month,Mailed Check,119.67,7802.46,0,11,1,1,211.99,0.0,114.74205882352942,1.042947993325182,11
CUST-3050,41,One Year,Electronic Check,109.33,4353.11,2,42,0,1,156.28,0.04878048780487805,106.17341463414634,1.0297304685615571,84
CUST-3051,62,Month-to-Month,Mailed Check,71.34,4260.47,1,29,0,1,89.33,0.016129032258064516,68.71725806451613,1.0381671505725893,29
CUST-3052,10,One Year,Mailed Check,102.53,965.92,5,8,1,1,108.77,0.5,96.592,1.0614750703992049,40
CUST-3053,21,One Year,Mailed Check,101.58,2206.26,1,27,0,1,84.88,0.047619047619047616,105.06000000000002,0.966876070816676,27
CUST-3054,36,Month-to-Month,Electronic Check,113.48,3880.35,3,3,0,1,151.62,0.08333333333333333,107.7875,1.052812246317987,9
CUST-3055,12,Month-to-Month,Mailed Check,104.09,1232.58,3,38,0,1,190.93,0.25,102.71499999999999,1.013386555030911,114
CUST-3056,2,Month-to-Month,Bank Transfer,84.37,157.94,4,16,1,1,117.36,2.0,78.97,1.068380397619349,64
CUST-3057,13,Month-to-Month,Credit Card,80.93,1072.72,1,10,0,1,152.1,0.07692307692307693,82.51692307692308,0.9807685136848386,10
CUST-3058,53,Month-to-Month,Credit Card,66.74,3594.27,4,1,0,1,69.1,0.07547169811320754,67.81641509433962,0.9841275140710074,4
CUST-3059,32,Month-to-Month,Mailed Check,82.65,2497.87,3,22,0,1,127.5,0.09375,78.0584375,1.0588221164432097,66
CUST-3060,16,Month-to-Month,Mailed Check,99.52,1595.88,1,21,0,1,146.59,0.0625,99.7425,0.9977692558337719,21
CUST-3061,32,Month-to-Month,Electronic Check,116.9,3761.68,2,25,1,1,176.01,0.0625,117.5525,0.994449288615725,50
CUST-3062,32,One Year,Electronic Check,66.73,2102.0,0,11,0,0,682.0,0.0,65.6875,1.0158705994291153,11
CUST-3063,11,One Year,Electronic Check,77.37,842.64,2,31,0,1,64.41,0.18181818181818182,76.60363636363637,1.0100042722870977,62
CUST-3064,10,Month-to-Month,Bank Transfer,64.48,635.88,1,8,0,1,46.13,0.1,63.588,1.0140278039881738,8
CUST-3065,15,Month-to-Month,Electronic Check,86.85,1188.47,4,42,1,1,170.92,0.26666666666666666,79.23133333333334,1.0961572441879053,168
CUST-3066,17,Two Year,Electronic Check,82.99,1411.59,1,4,0,0,960.94,0.058823529411764705,83.03470588235294,0.9994616000396715,4
CUST-3067,40,One Year,Credit Card,21.78,845.47,1,25,1,0,248.7,0.025,21.13675,1.0304327770352586,25
CUST-3068,18,Two Year,Electronic Check,74.12,1288.49,5,6,0,1,84.32,0.2777777777777778,71.58277777777778,1.035444590179202,30
CUST-3069,55,Month-to-Month,Electronic Check,28.85,1632.77,1,28,0,1,30.0,0.01818181818181818,29.68672727272727,0.9718147687671872,28
CUST-3070,25,One Year,Electronic Check,22.64,511.37,0,32,1,1,37.88,0.0,20.4548,1.1068306705516555,32
CUST-3071,59,Month-to-Month,Mailed Check,99.12,5483.73,1,23,1,1,160.38,0.01694915254237288,92.94457627118643,1.0664420020679357,23
CUST-3072,22,Month-to-Month,Bank Transfer,45.86,926.4,1,24,1,1,85.2,0.045454545454545456,42.10909090909091,1.089075993091537,24
CUST-3073,30,Month-to-Month,Electronic Check,54.07,1468.49,2,30,1,1,59.11,0.06666666666666667,48.949666666666666,1.104604049057195,60
CUST-3074,44,Month-to-Month,Mailed Check,26.41,1093.89,2,28,1,1,35.55,0.045454545454545456,24.861136363636366,1.0623005969521615,56
CUST-3075,32,Month-to-Month,Bank Transfer,37.95,1273.02,2,4,1,1,69.77,0.0625,39.781875,0.9539520196069191,8
CUST-3076,51,Month-to-Month,Credit Card,96.56,4631.72,0,37,1,1,192.23,0.0,90.81803921568628,1.0632248926964496,37
CUST-3077,46,One Year,Credit Card,69.35,3188.68,0,44,0,0,830.45,0.0,69.31913043478261,1.0004453253383845,44
CUST-3078,21,Two Year,Credit Card,108.07,2082.79,2,10,0,1,170.4,0.09523809523809523,99.18047619047618,1.0896297754454363,20
CUST-3079,32,Month-to-Month,Mailed Check,59.72,1892.46,4,31,0,1,42.69,0.125,59.139375,1.0098179089650507,124
CUST-3080,39,Month-to-Month,Electronic Check,46.87,1915.07,4,7,1,1,25.07,0.10256410256410256,49.10435897435897,0.9544977468186541,28
CUST-3081,12,Month-to-Month,Electronic Check,54.76,620.17,2,19,0,1,95.16,0.16666666666666666,51.68083333333333,1.0595804376219424,38
CUST-3082,47,One Year,Electronic Check,91.28,4406.9,2,33,1,0,1241.65,0.0425531914893617,93.76382978723403,0.973509723388323,66
CUST-3083,18,Month-to-Month,Bank Transfer,75.5,1426.45,3,41,0,1,122.28,0.16666666666666666,79.24722222222222,0.952714781450454,123
CUST-3084,21,Two Year,Credit Card,110.42,2291.65,2,7,0,0,1380.74,0.09523809523809523,109.12619047619049,1.0118560862260815,14
CUST-3085,13,Month-to-Month,Mailed Check,80.22,986.97,1,1,0,1,117.1,0.07692307692307693,75.92076923076924,1.0566278610292106,1
CUST-3086,21,Month-to-Month,Electronic Check,69.3,1456.8,1,20,0,1,67.52,0.047619047619047616,69.37142857142857,0.9989703459637562,20
CUST-3087,8,One Year,Mailed Check,98.58,809.72,2,14,0,1,115.93,0.25,101.215,0.9739663093415007,28
CUST-3088,46,Two Year,Credit Card,114.75,4886.32,1,5,0,0,1233.7,0.021739130434782608,106.22434782608696,1.0802608097709523,5
CUST-3089,7,Month-to-Month,Mailed Check,55.58,376.56,1,4,1,1,103.96,0.14285714285714285,53.794285714285714,1.0331952411302316,4
CUST-3090,23,Month-to-Month,Credit Card,44.99,980.84,1,2,0,1,38.3,0.043478260869565216,42.64521739130435,1.0549834835447167,2
CUST-3091,22,Two Year,Credit Card,81.62,1692.4,2,42,0,1,111.53,0.09090909090909091,76.92727272727274,1.0610021271567005,84
CUST-3092,22,Month-to-Month,Credit Card,69.89,1582.36,2,42,0,1,72.79,0.09090909090909091,71.92545454545454,0.9717004979903436,84
CUST-3093,29,Two Year,Bank Transfer,118.92,3321.93,1,15,1,0,1460.47,0.034482758620689655,114.54931034482757,1.038155530068364,15
CUST-3094,13,Month-to-Month,Bank Transfer,66.24,818.81,2,34,0,1,89.21,0.15384615384615385,62.98538461538461,1.0516725491872352,68
CUST-3095,2,One Year,Electronic Check,27.43,54.34,1,8,0,1,51.73,0.5,27.17,1.0095693779904304,8
CUST-3096,29,One Year,Electronic Check,117.74,3185.38,3,34,0,1,76.82,0.10344827586206896,109.84068965517241,1.0719160665289542,102
CUST-3097,52,Month-to-Month,Mailed Check,104.36,5071.18,2,18,0,1,86.72,0.038461538461538464,97.52269230769231,1.07010991524655,36
CUST-3098,27,Two Year,Electronic Check,37.83,998.98,3,42,1,0,487.08,0.1111111111111111,36.99925925925926,1.022452901959999,126
CUST-3099,50,Month-to-Month,Credit Card,110.46,5309.76,3,33,1,1,116.33,0.06,106.1952,1.0401600072319652,99
CUST-3100,23,Month-to-Month,Electronic Check,54.07,1174.28,2,38,0,1,40.48,0.08695652173913043,51.05565217391304,1.05904043328678,76
CUST-3101,44,One Year,Credit Card,57.71,2305.87,2,9,0,0,619.72,0.045454545454545456,52.406136363636364,1.1012069197309475,18
CUST-3102,22,Month-to-Month,Electronic Check,110.64,2380.81,2,9,0,1,163.55,0.09090909090909091,108.21863636363636,1.0223747380093329,18
CUST-3103,43,One Year,Electronic Check,73.01,3210.04,1,19,0,0,825.61,0.023255813953488372,74.65209302325582,0.9780033893658646,19
CUST-3104,37,Month-to-Month,Credit Card,33.78,1284.49,0,0,1,1,31.67,0.0,34.71594594594595,0.9730398835335425,0
CUST-3105,61,Month-to-Month,Electronic Check,56.91,3246.96,3,5,0,1,97.55,0.04918032786885246,53.228852459016395,1.0691569960824894,15
CUST-3106,56,Month-to-Month,Electronic Check,92.21,5111.84,2,1,0,1,118.06,0.03571428571428571,91.28285714285714,1.010156812419794,2
CUST-3107,3,Month-to-Month,Electronic Check,37.42,115.45,2,37,0,1,20.7,0.6666666666666666,38.483333333333334,0.9723689909051537,74
CUST-3108,63,Month-to-Month,Bank Transfer,79.02,4785.65,2,32,1,1,72.93,0.031746031746031744,75.9626984126984,1.040247406308443,64
CUST-3109,19,One Year,Electronic Check,89.53,1768.81,0,2,1,1,130.6,0.0,93.09526315789473,0.9617030659030648,2
CUST-3110,23,Two Year,Mailed Check,54.39,1295.31,1,35,1,0,571.13,0.043478260869565216,56.31782608695652,0.9657688120990342,35
CUST-3111,29,Two Year,Mailed Check,89.39,2414.01,2,12,0,0,1136.58,0.06896551724137931,83.24172413793104,1.073860505963107,24
CUST-3112,30,Month-to-Month,Bank Transfer,108.42,3053.69,3,34,0,1,164.24,0.1,101.78966666666666,1.0651375876398719,102
CUST-3113,39,Month-to-Month,Bank Transfer,67.21,2430.02,1,14,0,0,762.15,0.02564102564102564,62.30820512820513,1.0786701344021858,14
CUST-3114,25,Month-to-Month,Mailed Check,58.29,1354.38,2,44,0,1,109.2,0.08,54.175200000000004,1.075953572852523,88
CUST-3115,8,Month-to-Month,Electronic Check,45.12,374.02,0,21,0,1,49.08,0.0,46.7525,0.9650820811721298,21
CUST-3116,58,Month-to-Month,Credit Card,80.42,4849.4,3,42,0,1,68.57,0.05172413793103448,83.6103448275862,0.9618427021899617,126
CUST-3117,16,Month-to-Month,Electronic Check,107.99,1568.51,1,3,0,1,161.13,0.0625,98.031875,1.1015804808385028,3
CUST-3118,1,Month-to-Month,Mailed Check,52.47,51.89,3,16,1,1,71.36,3.0,51.89,1.0111774908460205,48
CUST-3119,5,Two Year,Mailed Check,59.62,293.52,3,4,0,0,813.08,0.6,58.70399999999999,1.0156037067320796,12
CUST-3120,3,Month-to-Month,Credit Card,60.66,174.44,2,20,0,1,61.6,0.6666666666666666,58.14666666666667,1.0432240311855079,40
CUST-3121,65,Month-to-Month,Mailed Check,76.08,4919.26,1,23,0,1,83.48,0.015384615384615385,75.68092307692308,1.0052731508397603,23
CUST-3122,4,Month-to-Month,Electronic Check,42.84,178.58,1,30,0,1,40.13,0.25,44.645,0.9595699406428492,30
CUST-3123,64,Month-to-Month,Bank Transfer,102.22,6054.95,2,39,0,1,160.01,0.03125,94.60859375,1.0804515313916714,78
CUST-3124,10,Two Year,Bank Transfer,49.56,454.99,0,29,0,0,558.37,0.0,45.499,1.0892547088947009,29
CUST-3125,21,Month-to-Month,Electronic Check,90.54,1720.73,3,41,0,1,105.13,0.14285714285714285,81.9395238095238,1.1049612664392439,123
CUST-3126,46,Month-to-Month,Mailed Check,71.32,3131.69,3,6,0,1,78.22,0.06521739130434782,68.08021739130434,1.0475877242000324,18
CUST-3127,27,Month-to-Month,Bank Transfer,78.59,2017.2,0,6,0,1,82.33,0.0,74.71111111111111,1.051918500892326,6
CUST-3128,66,Month-to-Month,Credit Card,37.96,2416.73,2,26,0,1,35.12,0.030303030303030304,36.61712121212121,1.0366735216594325,52
CUST-3129,41,Month-to-Month,Bank Transfer,93.5,3739.57,0,23,0,1,58.77,0.0,91.20902439024391,1.0251178611444631,23
CUST-3130,13,Two Year,Electronic Check,38.86,512.09,3,18,0,1,35.06,0.23076923076923078,39.39153846153847,0.9865062781932862,54
CUST-3131,9,Two Year,Electronic Check,31.35,270.53,0,40,0,1,30.78,0.0,30.058888888888887,1.0429527224337414,40
CUST-3132,36,One Year,Credit Card,74.67,2552.62,5,33,1,1,98.68,0.1388888888888889,70.9061111111111,1.0530827150143776,165
CUST-3133,58,Month-to-Month,Credit Card,90.93,5400.68,5,21,0,1,151.01,0.08620689655172414,93.1151724137931,0.9765325847856197,105
CUST-3134,54,Two Year,Electronic Check,25.0,1387.08,2,26,0,0,343.47,0.037037037037037035,25.686666666666664,0.9732675837010123,52
CUST-3135,12,Month-to-Month,Electronic Check,26.94,302.24,1,5,1,1,51.65,0.08333333333333333,25.186666666666667,1.0696135521439916,5
CUST-3136,14,Month-to-Month,Bank Transfer,100.27,1329.66,3,9,1,1,174.57,0.21428571428571427,94.97571428571429,1.0557435735451166,27
CUST-3137,34,One Year,Electronic Check,100.9,3512.14,1,44,1,0,1124.79,0.029411764705882353,103.29823529411765,0.9767833856281356,44
CUST-3138,53,Month-to-Month,Electronic Check,44.53,2152.19,2,30,1,1,80.79,0.03773584905660377,40.607358490566035,1.0965992779447913,60
CUST-3139,20,Month-to-Month,Electronic Check,81.52,1547.05,3,24,0,1,116.17,0.15,77.35249999999999,1.0538767331372614,72
CUST-3140,16,One Year,Electronic Check,64.32,995.42,2,1,0,1,89.9,0.125,62.21375,1.0338550561572,2
CUST-3141,70,Month-to-Month,Mailed Check,83.27,5409.57,2,9,1,1,57.81,0.02857142857142857,77.27957142857143,1.0775163275454425,18
CUST-3142,56,One Year,Bank Transfer,106.29,5517.65,3,9,1,1,168.32,0.05357142857142857,98.52946428571428,1.0787636040705737,27
CUST-3143,58,Month-to-Month,Electronic Check,27.99,1564.54,3,25,0,1,39.19,0.05172413793103448,26.974827586206896,1.037634064964782,75
CUST-3144,4,Two Year,Electronic Check,97.8,396.36,3,4,1,1,123.27,0.75,99.09,0.98698153194066,12
CUST-3145,4,Two Year,Electronic Check,69.3,284.42,1,21,0,1,106.72,0.25,71.105,0.9746150059770761,21
CUST-3146,20,Two Year,Mailed Check,76.41,1599.85,2,3,0,0,837.79,0.1,79.99249999999999,0.9552145513641904,6
CUST-3147,10,Month-to-Month,Electronic Check,85.39,777.99,2,33,1,1,109.79,0.2,77.799,1.0975719482255555,66
CUST-3148,24,Month-to-Month,Mailed Check,112.26,2512.39,3,6,1,1,123.21,0.125,104.68291666666666,1.0723812783843274,18
CUST-3149,26,Month-to-Month,Bank Transfer,25.67,676.43,3,16,1,1,40.46,0.11538461538461539,26.01653846153846,0.9866800703694397,48
CUST-3150,37,Month-to-Month,Electronic Check,22.95,833.09,1,10,1,1,41.65,0.02702702702702703,22.515945945945948,1.0192776290676877,10
CUST-3151,54,Month-to-Month,Electronic Check,37.83,1938.95,2,7,0,1,66.63,0.037037037037037035,35.906481481481485,1.0535702313107609,14
CUST-3152,21,One Year,Electronic Check,118.64,2319.13,4,27,0,1,199.2,0.19047619047619047,110.43476190476191,1.0742994140043896,108
CUST-3153,38,Month-to-Month,Mailed Check,91.51,3275.94,1,43,1,1,47.65,0.02631578947368421,86.20894736842105,1.0614907476937918,43
CUST-3154,46,Two Year,Credit Card,81.46,3613.74,1,32,0,0,1120.89,0.021739130434782608,78.5595652173913,1.0369201990181918,32
CUST-3155,4,Month-to-Month,Electronic Check,24.7,91.55,3,24,0,1,22.53,0.75,22.8875,1.079191698525396,72
CUST-3156,60,Month-to-Month,Credit Card,107.91,6763.59,2,20,0,1,197.69,0.03333333333333333,112.7265,0.9572726909821558,40
CUST-3157,57,Month-to-Month,Electronic Check,101.28,5288.83,1,11,0,0,1379.9,0.017543859649122806,92.78649122807018,1.0915382041018524,11
CUST-3158,45,Two Year,Credit Card,86.48,4077.76,2,25,0,1,100.27,0.044444444444444446,90.6168888888889,0.954347484893667,50
CUST-3159,20,One Year,Mailed Check,53.91,1106.54,0,28,1,1,87.56,0.0,55.327,0.9743886348437472,28
CUST-3160,17,Two Year,Bank Transfer,27.05,443.05,0,37,0,0,341.05,0.0,26.061764705882354,1.0379189707707934,37
CUST-3161,71,Two Year,Mailed Check,78.0,5598.77,1,34,0,0,1065.2,0.014084507042253521,78.85591549295775,0.9891458302448574,34
CUST-3162,4,Month-to-Month,Mailed Check,91.97,368.15,2,36,1,1,139.6,0.5,92.0375,0.9992666032867038,72
CUST-3163,14,Month-to-Month,Credit Card,29.42,383.87,1,43,0,1,38.94,0.07142857142857142,27.419285714285714,1.0729674108422123,43
CUST-3164,3,Month-to-Month,Bank Transfer,83.38,237.85,0,44,1,1,76.18,0.0,79.28333333333333,1.0516712213579986,44
CUST-3165,58,One Year,Mailed Check,48.64,2756.15,0,44,0,0,513.02,0.0,47.5198275862069,1.0235727373328736,44
CUST-3166,55,Month-to-Month,Electronic Check,96.42,5280.17,2,28,1,1,77.75,0.03636363636363636,96.00309090909091,1.0043426632097072,56
CUST-3167,4,Month-to-Month,Electronic Check,73.96,290.35,2,23,0,1,113.97,0.5,72.5875,1.018908214224212,46
CUST-3168,24,Two Year,Credit Card,32.9,766.66,1,14,0,0,393.99,0.041666666666666664,31.944166666666664,1.0299219993217332,14
CUST-3169,34,Two Year,Mailed Check,72.65,2387.28,2,5,1,0,744.17,0.058823529411764705,70.21411764705883,1.0346922020039544,10
CUST-3170,30,One Year,Mailed Check,59.57,1741.96,0,31,1,0,812.49,0.0,58.065333333333335,1.025913338997451,31
CUST-3171,19,One Year,Bank Transfer,38.04,697.57,0,43,0,1,36.32,0.0,36.71421052631579,1.0361110712903365,43
CUST-3172,31,One Year,Credit Card,104.15,3167.95,3,33,1,1,132.64,0.0967741935483871,102.19193548387096,1.0191606559446962,99
CUST-3173,60,Month-to-Month,Bank Transfer,21.1,1308.03,2,35,0,1,30.97,0.03333333333333333,21.8005,0.9678677094562053,70
CUST-3174,60,Month-to-Month,Bank Transfer,51.21,3057.0,2,19,1,1,99.76,0.03333333333333333,50.95,1.0051030421982334,38
CUST-3175,19,One Year,Bank Transfer,21.26,407.33,3,11,0,1,37.2,0.15789473684210525,21.43842105263158,0.9916775096359218,33
CUST-3176,49,One Year,Electronic Check,29.6,1435.35,1,34,0,1,46.64,0.02040816326530612,29.29285714285714,1.0104852475006096,34
CUST-3177,63,Month-to-Month,Electronic Check,49.71,3120.62,2,37,0,1,60.57,0.031746031746031744,49.53365079365079,1.003560189962251,74
CUST-3178,22,Two Year,Credit Card,25.43,552.05,0,16,0,0,336.45,0.0,25.093181818181815,1.0134226972194549,16
CUST-3179,24,Month-to-Month,Electronic Check,79.66,1728.36,2,26,0,1,43.72,0.08333333333333333,72.015,1.1061584392140527,52
CUST-3180,30,Month-to-Month,Credit Card,28.69,903.68,3,16,0,1,29.8,0.1,30.122666666666664,0.9524389164305951,48
CUST-3181,58,One Year,Electronic Check,90.17,4733.24,0,10,0,0,1040.72,0.0,81.60758620689654,1.1049217871901702,10
CUST-3182,31,Month-to-Month,Electronic Check,25.26,751.17,2,38,0,1,27.18,0.06451612903225806,24.231290322580644,1.0424537721154998,76
CUST-3183,64,Month-to-Month,Credit Card,25.93,1519.73,3,1,0,1,30.92,0.046875,23.74578125,1.0919834444276286,3
CUST-3184,19,Month-to-Month,Bank Transfer,50.53,878.02,0,1,1,1,45.87,0.0,46.21157894736842,1.0934488963804925,1
CUST-3185,48,One Year,Electronic Check,109.66,5363.84,0,28,0,0,1441.47,0.0,111.74666666666667,0.9813268106431213,28
CUST-3186,45,Month-to-Month,Bank Transfer,84.14,3649.57,1,44,1,1,49.88,0.022222222222222223,81.10155555555556,1.0374646876207334,44
CUST-3187,55,One Year,Bank Transfer,97.01,5443.17,2,23,1,1,137.82,0.03636363636363636,98.96672727272727,0.9802284330638213,46
CUST-3188,55,One Year,Mailed Check,34.16,1767.8,0,23,0,0,351.1,0.0,32.14181818181818,1.0627899083606742,23
CUST-3189,18,Month-to-Month,Electronic Check,103.41,1746.85,2,15,1,1,145.7,0.1111111111111111,97.04722222222222,1.0655637289979105,30
CUST-3190,63,Two Year,Credit Card,20.81,1229.33,0,30,0,0,251.64,0.0,19.5131746031746,1.0664589654527263,30
CUST-3191,47,Month-to-Month,Credit Card,41.31,1926.86,1,42,0,1,70.16,0.02127659574468085,40.997021276595746,1.0076341820370966,42
CUST-3192,57,Two Year,Electronic Check,81.61,4755.27,2,8,0,0,978.89,0.03508771929824561,83.42578947368422,0.9782346743718021,16
CUST-3193,45,Month-to-Month,Credit Card,57.52,2505.15,1,26,0,1,95.32,0.022222222222222223,55.67,1.033231543021376,26
CUST-3194,33,Two Year,Credit Card,118.42,3739.38,1,40,1,0,1551.13,0.030303030303030304,113.31454545454545,1.045055597451984,40
CUST-3195,17,Month-to-Month,Mailed Check,23.03,409.53,2,13,0,1,23.74,0.11764705882352941,24.09,0.9559983395599835,26
CUST-3196,70,Month-to-Month,Bank Transfer,119.86,7698.12,1,44,0,1,227.75,0.014285714285714285,109.97314285714286,1.0899024696938993,44
CUST-3197,4,Month-to-Month,Electronic Check,82.36,320.54,1,24,1,1,47.88,0.25,80.135,1.0277656454732638,24
CUST-3198,20,Month-to-Month,Electronic Check,75.87,1458.64,0,42,0,1,55.3,0.0,72.932,1.0402841002577743,42
CUST-3199,47,One Year,Bank Transfer,25.95,1115.64,0,43,0,0,310.78,0.0,23.737021276595748,1.0932289986016994,43
CUST-3200,15,Month-to-Month,Credit Card,47.33,667.52,2,21,0,1,67.25,0.13333333333333333,44.501333333333335,1.0635636385426652,42
CUST-3201,70,One Year,Bank Transfer,112.47,7119.2,4,34,1,1,57.62,0.05714285714285714,101.70285714285714,1.1058686369254973,136
CUST-3202,47,Month-to-Month,Mailed Check,55.42,2686.9,0,32,1,1,87.51,0.0,57.16808510638298,0.9694220104953664,32
CUST-3203,9,Month-to-Month,Electronic Check,86.17,768.69,1,26,0,1,115.3,0.1111111111111111,85.41000000000001,1.008898255473598,26
CUST-3204,16,One Year,Electronic Check,119.95,1961.91,0,39,0,1,147.19,0.0,122.619375,0.9782303979285492,39
CUST-3205,69,Month-to-Month,Mailed Check,46.31,3125.84,0,25,0,1,52.57,0.0,45.30202898550725,1.0222500191948405,25
CUST-3206,61,One Year,Electronic Check,77.61,4686.52,2,18,0,0,925.0,0.03278688524590164,76.82819672131149,1.0101759941278388,36
CUST-3207,10,One Year,Mailed Check,89.64,901.0,1,44,1,1,66.57,0.1,90.1,0.9948945615982243,44
CUST-3208,50,Two Year,Electronic Check,36.46,1889.0,1,38,0,0,389.67,0.02,37.78,0.965060878771837,38
CUST-3209,3,Month-to-Month,Bank Transfer,34.87,95.59,1,44,0,1,32.58,0.3333333333333333,31.863333333333333,1.094361334867664,44
CUST-3210,70,One Year,Electronic Check,65.63,4362.75,1,25,1,1,102.66,0.014285714285714285,62.325,1.0530284797432812,25
CUST-3211,51,Two Year,Mailed Check,58.58,3006.56,4,5,1,0,739.98,0.0784313725490196,58.9521568627451,0.993687137459422,20
CUST-3212,19,One Year,Mailed Check,91.42,1812.98,1,2,0,1,111.55,0.05263157894736842,95.42,0.9580800670718926,2
CUST-3213,42,Month-to-Month,Electronic Check,26.95,1185.24,2,5,0,1,36.58,0.047619047619047616,28.22,0.9549964564138909,10
CUST-3214,35,One Year,Electronic Check,117.22,4085.12,1,27,0,1,156.94,0.02857142857142857,116.71771428571428,1.0043034231552561,27
CUST-3215,46,One Year,Electronic Check,21.43,915.83,2,2,0,0,287.28,0.043478260869565216,19.909347826086957,1.0763788039264928,4
CUST-3216,26,One Year,Credit Card,80.13,1912.3,2,12,0,0,952.54,0.07692307692307693,73.55,1.0894629503738953,24
CUST-3217,69,Month-to-Month,Electronic Check,76.26,5482.45,1,12,0,1,140.71,0.014492753623188406,79.45579710144928,0.9597789309524027,12
CUST-3218,64,Month-to-Month,Bank Transfer,33.47,2067.3,3,12,1,1,46.85,0.046875,32.3015625,1.0361727857592027,36
CUST-3219,37,Two Year,Credit Card,35.09,1206.44,3,0,1,0,477.16,0.08108108108108109,32.60648648648649,1.076166241172375,0
CUST-3220,49,Month-to-Month,Bank Transfer,99.27,5059.21,1,39,0,1,118.73,0.02040816326530612,103.24918367346939,0.9614603861077125,39
CUST-3221,21,One Year,Electronic Check,108.76,2091.37,2,36,0,1,177.79,0.09523809523809523,99.58904761904762,1.0920879614797956,72
CUST-3222,64,Month-to-Month,Credit Card,48.3,3120.37,3,30,1,1,66.5,0.046875,48.75578125,0.9906517496322551,90
CUST-3223,5,Month-to-Month,Electronic Check,63.8,317.02,6,16,1,1,37.05,1.2,63.403999999999996,1.0062456627342125,96
CUST-3224,70,Month-to-Month,Mailed Check,55.5,3547.63,2,8,1,1,101.85,0.02857142857142857,50.68042857142857,1.0950972903036675,16
CUST-3225,4,Month-to-Month,Credit Card,27.25,103.64,1,44,0,1,26.11,0.25,25.91,1.0517174835970668,44
CUST-3226,39,Two Year,Bank Transfer,87.32,3141.52,3,12,0,1,61.72,0.07692307692307693,80.55179487179487,1.0840230207033537,36
CUST-3227,35,Two Year,Mailed Check,102.52,3554.74,2,36,1,1,64.8,0.05714285714285714,101.564,1.0094127840573432,72
CUST-3228,1,One Year,Electronic Check,50.49,49.05,1,13,1,1,79.81,1.0,49.05,1.0293577981651376,13
CUST-3229,24,Month-to-Month,Electronic Check,119.02,2572.66,2,10,0,1,185.19,0.08333333333333333,107.19416666666666,1.110321612649942,20
CUST-3230,57,One Year,Mailed Check,27.59,1645.53,1,24,0,0,370.99,0.017543859649122806,28.86894736842105,0.9556981641173361,24
CUST-3231,70,One Year,Electronic Check,86.18,5745.68,2,30,1,1,161.47,0.02857142857142857,82.08114285714286,1.0499366480555825,60
CUST-3232,41,One Year,Credit Card,64.82,2494.79,3,13,0,0,851.45,0.07317073170731707,60.84853658536585,1.0652680185506596,39
CUST-3233,54,Month-to-Month,Credit Card,64.66,3258.98,1,6,1,1,86.75,0.018518518518518517,60.35148148148148,1.0713904350440935,6
CUST-3234,46,One Year,Credit Card,65.76,2794.53,1,23,0,1,93.99,0.021739130434782608,60.750652173913046,1.082457515217228,23
CUST-3235,60,One Year,Mailed Check,45.87,2889.45,5,35,1,1,90.33,0.08333333333333333,48.1575,0.9524996106525463,175
CUST-3236,60,Two Year,Bank Transfer,91.56,5187.42,1,41,0,1,88.68,0.016666666666666666,86.45700000000001,1.0590235608452756,41
CUST-3237,57,Month-to-Month,Credit Card,92.16,5047.34,0,41,0,1,178.28,0.0,88.54982456140351,1.0407699897371685,41
CUST-3238,31,One Year,Credit Card,48.24,1541.36,1,43,1,0,596.54,0.03225806451612903,49.72129032258064,0.9702081278870609,43
CUST-3239,24,One Year,Mailed Check,103.53,2475.48,1,40,1,1,170.41,0.041666666666666664,103.145,1.003732609433322,40
CUST-3240,36,Month-to-Month,Electronic Check,51.68,1777.32,2,2,1,1,74.9,0.05555555555555555,49.37,1.0467895483086895,4
CUST-3241,30,Month-to-Month,Electronic Check,92.51,2871.74,5,43,0,1,159.61,0.16666666666666666,95.72466666666666,0.966417572621477,215
CUST-3242,24,Month-to-Month,Mailed Check,32.1,780.0,1,25,1,1,17.43,0.041666666666666664,32.5,0.9876923076923078,25
CUST-3243,30,Month-to-Month,Bank Transfer,36.87,1033.3,2,25,0,1,22.76,0.06666666666666667,34.443333333333335,1.0704538856092132,50
CUST-3244,7,Month-to-Month,Credit Card,51.58,359.82,4,0,0,1,31.18,0.5714285714285714,51.402857142857144,1.0034461675282085,0
CUST-3245,35,One Year,Electronic Check,79.39,2885.24,3,14,1,0,880.28,0.08571428571428572,82.43542857142856,0.9630567994343626,42
CUST-3246,55,One Year,Electronic Check,84.55,4531.53,2,10,0,0,996.29,0.03636363636363636,82.39145454545454,1.0261986569657489,20
CUST-3247,14,One Year,Electronic Check,59.64,843.34,0,36,0,1,110.88,0.0,60.23857142857143,0.990063319657552,36
CUST-3248,10,Two Year,Electronic Check,27.78,290.49,3,6,0,0,345.95,0.3,29.049,0.9563151915728597,18
CUST-3249,16,Month-to-Month,Electronic Check,57.36,921.03,3,11,0,1,34.53,0.1875,57.564375,0.9964496270479789,33
CUST-3250,54,Month-to-Month,Bank Transfer,88.88,4393.32,0,37,1,1,72.37,0.0,81.35777777777777,1.0924585507088034,37
CUST-3251,70,One Year,Mailed Check,87.1,5710.96,0,2,0,0,1115.65,0.0,81.58514285714286,1.067596341070503,2
CUST-3252,44,Month-to-Month,Bank Transfer,36.02,1567.87,3,41,0,1,59.98,0.06818181818181818,35.63340909090909,1.0108491137658098,123
CUST-3253,45,Month-to-Month,Electronic Check,20.78,880.24,4,25,1,1,35.81,0.08888888888888889,19.56088888888889,1.0623239116604561,100
CUST-3254,56,Month-to-Month,Electronic Check,95.3,5569.65,2,29,0,1,190.31,0.03571428571428571,99.45803571428571,0.9581930641961344,58
CUST-3255,57,Month-to-Month,Mailed Check,30.64,1678.02,2,31,0,1,34.26,0.03508771929824561,29.43894736842105,1.0407980834555013,62
CUST-3256,21,Two Year,Credit Card,28.23,574.21,0,35,0,0,389.44,0.0,27.343333333333334,1.0324271607948312,35
CUST-3257,68,Month-to-Month,Electronic Check,20.27,1385.58,3,44,0,1,17.27,0.04411764705882353,20.376176470588234,0.9947891857561455,132
CUST-3258,50,Month-to-Month,Credit Card,63.26,3095.43,1,36,0,1,87.4,0.02,61.9086,1.0218289542971413,36
CUST-3259,33,Month-to-Month,Electronic Check,70.33,2221.84,4,17,1,1,136.65,0.12121212121212122,67.32848484848485,1.0445801677888598,68
CUST-3260,7,One Year,Credit Card,83.77,534.49,2,0,0,1,54.9,0.2857142857142857,76.35571428571428,1.097101910232184,0
CUST-3261,70,Month-to-Month,Credit Card,49.61,3436.12,2,20,0,1,33.85,0.02857142857142857,49.08742857142857,1.010645728321479,40
CUST-3262,15,One Year,Electronic Check,91.04,1406.76,2,27,0,1,141.35,0.13333333333333333,93.784,0.970741277829907,54
CUST-3263,32,Month-to-Month,Bank Transfer,36.93,1185.14,3,15,0,1,55.42,0.09375,37.035625,0.9971480162681201,45
CUST-3264,20,Month-to-Month,Electronic Check,103.2,1975.71,2,27,1,1,90.38,0.1,98.7855,1.0446877325113504,54
CUST-3265,15,Month-to-Month,Credit Card,77.18,1064.11,3,21,0,1,132.73,0.2,70.94066666666666,1.0879514335923919,63
CUST-3266,48,Month-to-Month,Mailed Check,78.39,3847.2,0,18,1,1,54.34,0.0,80.14999999999999,0.9780411728009982,18
CUST-3267,71,Month-to-Month,Mailed Check,40.98,3029.64,3,0,0,1,77.4,0.04225352112676056,42.670985915492956,0.9603715292906088,0
CUST-3268,21,Month-to-Month,Bank Transfer,27.41,551.57,0,30,0,1,21.97,0.0,26.265238095238097,1.0435846764689884,30
CUST-3269,42,Two Year,Credit Card,66.47,2817.69,2,41,0,0,907.17,0.047619047619047616,67.08785714285715,0.990790328247607,82
CUST-3270,26,Month-to-Month,Electronic Check,81.56,2039.16,3,33,1,1,82.32,0.11538461538461539,78.42923076923077,1.0399183977716315,99
CUST-3271,14,One Year,Bank Transfer,29.5,402.82,1,39,0,1,23.06,0.07142857142857142,28.77285714285714,1.0252718335733082,39
CUST-3272,57,Month-to-Month,Electronic Check,115.05,6724.89,0,5,0,1,148.46,0.0,117.98052631578948,0.9751609320003747,5
CUST-3273,37,Month-to-Month,Electronic Check,118.04,3985.39,2,27,1,1,180.63,0.05405405405405406,107.71324324324324,1.0958726749452377,54
CUST-3274,58,Month-to-Month,Bank Transfer,74.55,4235.48,2,2,1,1,92.17,0.034482758620689655,73.0255172413793,1.0208760282187614,4
CUST-3275,21,Two Year,Electronic Check,115.01,2251.44,2,30,0,1,171.47,0.09523809523809523,107.21142857142857,1.0727401129943503,60
CUST-3276,69,Month-to-Month,Electronic Check,37.94,2489.51,0,15,1,0,504.76,0.0,36.07985507246377,1.0515563303621995,15
CUST-3277,3,Month-to-Month,Credit Card,22.54,67.39,1,16,1,1,12.21,0.3333333333333333,22.463333333333335,1.0034129692832763,16
CUST-3278,37,Month-to-Month,Electronic Check,23.94,800.82,3,43,0,1,46.95,0.08108108108108109,21.643783783783785,1.1060912564621264,129
CUST-3279,49,Month-to-Month,Bank Transfer,78.75,3816.59,1,26,0,1,136.17,0.02040816326530612,77.8895918367347,1.0110465101045698,26
CUST-3280,19,Month-to-Month,Electronic Check,26.16,468.47,0,23,0,1,15.96,0.0,24.656315789473684,1.0609857621619314,23
CUST-3281,12,One Year,Electronic Check,115.85,1390.79,2,19,0,1,135.98,0.16666666666666666,115.89916666666666,0.999575780671417,38
CUST-3282,61,Month-to-Month,Electronic Check,34.19,1921.32,3,31,1,1,49.66,0.04918032786885246,31.497049180327867,1.0854985114400517,93
CUST-3283,41,Month-to-Month,Bank Transfer,50.47,2090.73,1,34,0,1,39.66,0.024390243902439025,50.99341463414634,0.9897356425746031,34
CUST-3284,33,One Year,Bank Transfer,102.25,3363.61,5,12,0,1,139.77,0.15151515151515152,101.92757575757577,1.003163268036425,60
CUST-3285,50,Month-to-Month,Electronic Check,41.87,2189.14,1,42,1,1,54.45,0.02,43.782799999999995,0.9563116109522461,42
CUST-3286,68,Month-to-Month,Electronic Check,44.3,3122.91,0,19,0,1,35.99,0.0,45.925147058823526,0.9646131332635266,19
CUST-3287,71,Month-to-Month,Credit Card,84.23,5636.43,3,1,1,1,59.96,0.04225352112676056,79.38633802816902,1.0610137977407685,3
CUST-3288,33,One Year,Electronic Check,47.61,1420.45,0,3,1,0,606.54,0.0,43.0439393939394,1.1060790594529901,3
CUST-3289,24,Month-to-Month,Credit Card,41.74,1000.06,2,26,1,1,41.07,0.08333333333333333,41.66916666666666,1.0016998980061198,52
CUST-3290,61,Month-to-Month,Electronic Check,45.42,2744.11,0,24,1,1,39.34,0.0,44.98540983606558,1.009660691444585,24
CUST-3291,61,Month-to-Month,Bank Transfer,69.06,3808.73,4,3,0,1,110.97,0.06557377049180328,62.43819672131148,1.106053723944727,12
CUST-3292,28,One Year,Electronic Check,116.61,2998.65,1,31,0,1,187.05,0.03571428571428571,107.09464285714286,1.0888499824921214,31
CUST-3293,58,Month-to-Month,Credit Card,103.22,5913.15,3,16,0,1,94.41,0.05172413793103448,101.9508620689655,1.01244852574347,48
CUST-3294,43,One Year,Bank Transfer,48.46,2160.41,0,0,0,0,649.46,0.0,50.24209302325581,0.9645298809022362,0
CUST-3295,41,Two Year,Mailed Check,56.34,2393.04,1,32,0,0,692.22,0.024390243902439025,58.36682926829268,0.9652742954568249,32
CUST-3296,39,One Year,Electronic Check,66.45,2391.28,1,29,0,0,752.64,0.02564102564102564,61.3148717948718,1.0837501254558228,29
CUST-3297,49,Month-to-Month,Bank Transfer,117.89,5532.18,1,4,1,1,134.54,0.02040816326530612,112.90163265306123,1.0441833056769665,4
CUST-3298,17,Month-to-Month,Bank Transfer,37.24,573.87,2,11,1,1,59.21,0.11764705882352941,33.75705882352941,1.1031766776447627,22
CUST-3299,70,Month-to-Month,Electronic Check,55.75,3786.95,1,37,0,1,45.57,0.014285714285714285,54.09928571428571,1.0305126817095551,37
CUST-3300,70,Month-to-Month,Electronic Check,92.94,6590.13,0,31,0,1,111.82,0.0,94.14471428571429,0.9872035908244602,31
CUST-3301,65,Month-to-Month,Credit Card,116.39,7705.28,1,37,0,1,172.3,0.015384615384615385,118.54276923076922,0.9818397254869389,37
CUST-3302,5,One Year,Electronic Check,35.57,173.38,4,16,1,1,46.57,0.8,34.676,1.025781520359903,64
CUST-3303,2,Month-to-Month,Bank Transfer,42.74,78.16,1,44,1,1,60.37,0.5,39.08,1.0936540429887411,44
CUST-3304,22,Month-to-Month,Mailed Check,42.57,896.46,2,39,0,1,56.16,0.09090909090909091,40.74818181818182,1.0447091894786158,78
CUST-3305,57,One Year,Credit Card,22.09,1309.26,5,31,0,0,288.09,0.08771929824561403,22.969473684210527,0.9617111956372302,155
CUST-3306,66,One Year,Credit Card,80.41,4959.14,2,23,0,1,89.68,0.030303030303030304,75.13848484848485,1.0701573256653372,46
CUST-3307,16,Month-to-Month,Credit Card,87.07,1320.63,5,11,1,1,113.01,0.3125,82.539375,1.0548904689428529,55
CUST-3308,51,Two Year,Electronic Check,80.25,4141.96,4,30,0,1,134.03,0.0784313725490196,81.21490196078432,0.988119151319665,120
CUST-3309,39,Month-to-Month,Credit Card,27.13,1068.69,2,18,0,1,40.18,0.05128205128205128,27.402307692307694,0.9900626000056142,36
CUST-3310,40,One Year,Electronic Check,26.92,1116.46,1,28,1,0,334.16,0.025,27.9115,0.9644770076850044,28
CUST-3311,38,One Year,Mailed Check,41.04,1494.36,3,20,1,1,80.5,0.07894736842105263,39.32526315789473,1.0436039508552157,60
CUST-3312,60,One Year,Mailed Check,49.03,2874.7,1,25,1,0,564.58,0.016666666666666666,47.91166666666666,1.0233415660764602,25
CUST-3313,59,One Year,Electronic Check,98.65,5646.37,2,27,0,1,79.93,0.03389830508474576,95.70118644067796,1.0308127168428567,54
CUST-3314,10,Month-to-Month,Credit Card,35.94,373.48,3,16,1,1,36.37,0.3,37.348,0.962300524793831,48
CUST-3315,64,Month-to-Month,Electronic Check,24.41,1586.3,2,8,0,1,20.57,0.03125,24.7859375,0.9848326293891446,16
CUST-3316,63,One Year,Bank Transfer,59.4,3834.69,3,20,0,1,85.43,0.047619047619047616,60.868095238095236,0.9758807100443582,60
CUST-3317,49,Month-to-Month,Bank Transfer,61.64,2778.62,3,33,0,1,34.48,0.061224489795918366,56.7065306122449,1.087000021593453,99
CUST-3318,64,Two Year,Bank Transfer,65.09,4243.98,3,10,0,0,874.8,0.046875,66.3121875,0.9815691874137015,30
CUST-3319,32,Month-to-Month,Electronic Check,102.69,3170.89,5,19,0,1,96.53,0.15625,99.0903125,1.036327340273551,95
CUST-3320,7,Month-to-Month,Mailed Check,29.8,188.47,3,38,1,1,45.45,0.42857142857142855,26.924285714285713,1.1068074494614528,114
CUST-3321,21,Month-to-Month,Credit Card,90.39,1725.48,3,15,0,1,163.95,0.14285714285714285,82.16571428571429,1.1000938869184227,45
CUST-3322,20,Month-to-Month,Electronic Check,53.79,1077.61,1,28,1,1,91.32,0.05,53.8805,0.9983203570865156,28
CUST-3323,26,One Year,Mailed Check,51.0,1267.39,2,0,0,0,617.64,0.07692307692307693,48.745769230769234,1.0462446445056375,0
CUST-3324,68,One Year,Electronic Check,113.25,7933.7,2,17,0,0,1421.2,0.029411764705882353,116.67205882352941,0.9706694228418015,34
CUST-3325,15,One Year,Mailed Check,44.85,679.57,0,21,0,1,24.44,0.0,45.30466666666667,0.9899642420942655,21
CUST-3326,14,Two Year,Credit Card,84.25,1065.39,0,7,1,0,948.2,0.0,76.09928571428573,1.1071063178742055,7
CUST-3327,27,Two Year,Mailed Check,47.51,1286.66,2,6,0,0,563.43,0.07407407407407407,47.654074074074074,0.9969766682728926,12
CUST-3328,40,Two Year,Mailed Check,70.71,2627.17,5,24,1,0,789.1,0.125,65.67925,1.0765957284835013,120
CUST-3329,58,Month-to-Month,Mailed Check,98.63,5511.1,2,29,0,1,71.5,0.034482758620689655,95.01896551724138,1.038003302426013,58
CUST-3330,28,One Year,Mailed Check,108.17,3009.71,0,33,1,1,125.24,0.0,107.48964285714285,1.00632951347472,33
CUST-3331,26,Month-to-Month,Electronic Check,103.87,2784.09,1,43,0,1,82.79,0.038461538461538464,107.08038461538462,0.9700189289857728,43
CUST-3332,63,Month-to-Month,Electronic Check,78.22,4772.21,2,40,1,1,85.24,0.031746031746031744,75.74936507936508,1.0326159158964086,80
CUST-3333,66,One Year,Mailed Check,44.88,3025.09,2,10,0,0,482.37,0.030303030303030304,45.83469696969697,0.9791708676436073,20
CUST-3334,25,Month-to-Month,Bank Transfer,86.12,2190.56,4,14,1,1,88.22,0.16,87.6224,0.9828536995106275,56
CUST-3335,3,Month-to-Month,Mailed Check,90.99,262.65,1,34,1,1,173.38,0.3333333333333333,87.55,1.0392918332381496,34
CUST-3336,44,Month-to-Month,Electronic Check,21.07,904.04,1,22,0,1,28.31,0.022727272727272728,20.546363636363637,1.0254855979823903,22
CUST-3337,42,Month-to-Month,Electronic Check,63.92,2698.26,2,44,1,1,112.78,0.047619047619047616,64.24428571428572,0.9949523025950056,88
CUST-3338,6,Two Year,Electronic Check,104.33,566.31,2,20,0,0,1385.37,0.3333333333333333,94.38499999999999,1.105366318800657,40
CUST-3339,39,Month-to-Month,Credit Card,68.96,2779.86,0,27,0,1,102.87,0.0,71.27846153846154,0.9674731821026957,27
CUST-3340,52,Month-to-Month,Mailed Check,51.14,2700.43,2,12,1,1,63.69,0.038461538461538464,51.93134615384615,0.9847616861018431,24
CUST-3341,23,Month-to-Month,Electronic Check,107.18,2310.85,3,33,0,1,53.94,0.13043478260869565,100.47173913043478,1.0667676396131294,99
CUST-3342,50,Month-to-Month,Electronic Check,35.59,1863.45,0,37,0,1,50.54,0.0,37.269,0.9549491534519307,37
CUST-3343,43,Two Year,Credit Card,40.64,1619.79,2,5,0,0,479.04,0.046511627906976744,37.66953488372093,1.078855901073596,10
CUST-3344,19,Month-to-Month,Electronic Check,88.74,1748.63,2,43,1,1,60.05,0.10526315789473684,92.03315789473685,0.9642177018580259,86
CUST-3345,69,Month-to-Month,Credit Card,55.24,3615.92,2,3,0,0,654.66,0.028985507246376812,52.40463768115942,1.0541051793181264,6
CUST-3346,51,One Year,Electronic Check,91.3,4723.69,0,4,0,0,1105.49,0.0,92.6213725490196,0.9857336108000314,4
CUST-3347,11,Two Year,Credit Card,35.77,381.06,2,39,1,0,468.49,0.18181818181818182,34.64181818181818,1.0325670498084292,78
CUST-3348,12,One Year,Credit Card,45.23,548.44,3,5,1,1,48.0,0.25,45.70333333333334,0.9896433520530958,15
CUST-3349,8,Two Year,Mailed Check,35.66,263.42,2,20,1,0,443.27,0.25,32.9275,1.0829853465947914,40
CUST-3350,24,Month-to-Month,Electronic Check,115.29,2602.12,0,27,1,1,204.85,0.0,108.42166666666667,1.063348346732664,27
CUST-3351,41,Month-to-Month,Electronic Check,60.54,2271.11,1,2,1,1,60.6,0.024390243902439025,55.3929268292683,1.0929193213891004,2
CUST-3352,36,Month-to-Month,Mailed Check,53.72,1991.5,2,22,0,1,38.32,0.05555555555555555,55.31944444444444,0.9710871202611098,44
CUST-3353,55,Two Year,Mailed Check,21.42,1112.65,0,7,0,0,219.24,0.0,20.23,1.0588235294117647,7
CUST-3354,9,Month-to-Month,Electronic Check,35.34,319.39,3,18,1,1,65.33,0.3333333333333333,35.48777777777778,0.9958358120166568,54
CUST-3355,47,Month-to-Month,Electronic Check,62.11,2986.41,0,10,1,1,45.9,0.0,63.540638297872334,0.9774846722318772,10
CUST-3356,15,Month-to-Month,Mailed Check,26.85,416.93,1,9,1,1,26.68,0.06666666666666667,27.795333333333335,0.9659894946393879,9
CUST-3357,48,Month-to-Month,Mailed Check,71.07,3124.62,3,27,0,1,85.07,0.0625,65.09625,1.0917679589838123,81
CUST-3358,42,Month-to-Month,Electronic Check,65.5,2844.4,2,19,0,1,115.98,0.047619047619047616,67.72380952380952,0.9671635494304599,38
CUST-3359,60,Two Year,Electronic Check,96.72,5394.58,0,43,0,0,1248.02,0.0,89.90966666666667,1.0757463973098924,43
CUST-3360,70,Month-to-Month,Credit Card,85.98,6082.01,2,27,1,1,97.91,0.02857142857142857,86.88585714285715,0.9895741703811733,54
CUST-3361,12,One Year,Mailed Check,64.59,782.31,0,28,1,1,122.59,0.0,65.1925,0.9907581393565212,28
CUST-3362,2,One Year,Bank Transfer,42.47,76.55,3,7,0,1,31.52,1.5,38.275,1.1096015676028739,21
CUST-3363,7,Month-to-Month,Mailed Check,92.69,605.42,2,18,0,1,68.15,0.2857142857142857,86.48857142857142,1.0717022893198112,36
CUST-3364,3,Month-to-Month,Electronic Check,90.79,265.23,1,20,1,1,174.67,0.3333333333333333,88.41000000000001,1.0269200316706255,20
CUST-3365,3,Month-to-Month,Electronic Check,35.33,102.07,3,17,1,1,44.68,1.0,34.02333333333333,1.0384050161653766,51
CUST-3366,27,Month-to-Month,Electronic Check,111.48,3123.69,1,8,0,1,86.83,0.037037037037037035,115.69222222222223,0.9635911374048001,8
CUST-3367,40,One Year,Credit Card,26.44,1008.91,1,3,0,0,337.23,0.025,25.222749999999998,1.0482600033699736,3
CUST-3368,33,Month-to-Month,Bank Transfer,25.5,875.62,2,40,1,1,42.71,0.06060606060606061,26.533939393939395,0.9610333249583152,80
CUST-3369,1,Month-to-Month,Electronic Check,38.74,37.54,4,24,1,1,67.42,4.0,37.54,1.031965903036761,96
CUST-3370,8,Month-to-Month,Credit Card,110.95,927.23,3,33,0,1,199.26,0.375,115.90375,0.9572597953042934,99
CUST-3371,32,Two Year,Electronic Check,72.0,2328.43,2,8,0,0,934.25,0.0625,72.7634375,0.9895079517099505,16
CUST-3372,48,Two Year,Credit Card,98.79,4857.62,3,8,0,0,1319.7,0.0625,101.20041666666667,0.9761817515573471,24
CUST-3373,4,Two Year,Credit Card,42.78,156.7,3,17,0,1,54.12,0.75,39.175,1.0920229738353542,51
CUST-3374,70,One Year,Electronic Check,69.02,4773.04,3,10,0,0,798.14,0.04285714285714286,68.18628571428572,1.0122270083636424,30
CUST-3375,19,Month-to-Month,Electronic Check,55.83,977.4,1,12,0,1,91.45,0.05263157894736842,51.44210526315789,1.0852977286678944,12
CUST-3376,32,One Year,Mailed Check,102.78,3106.89,2,37,0,1,116.98,0.0625,97.0903125,1.0586020103704992,74
CUST-3377,9,Month-to-Month,Bank Transfer,22.26,199.04,0,8,1,1,13.59,0.0,22.115555555555556,1.0065313504823152,8
CUST-3378,12,One Year,Mailed Check,44.38,537.32,0,15,0,1,45.5,0.0,44.77666666666667,0.9911412193850964,15
CUST-3379,11,One Year,Credit Card,35.26,351.35,1,3,0,0,405.14,0.09090909090909091,31.94090909090909,1.1039134765902945,3
CUST-3380,46,Month-to-Month,Bank Transfer,105.92,4773.13,2,33,0,1,83.52,0.043478260869565216,103.76369565217392,1.0207809131534233,66
CUST-3381,16,One Year,Electronic Check,66.75,1051.76,3,6,0,1,48.23,0.1875,65.735,1.0154407849699552,18
CUST-3382,1,Two Year,Electronic Check,60.42,55.09,2,14,0,0,665.04,2.0,55.09,1.0967507714648757,28
CUST-3383,63,Month-to-Month,Bank Transfer,64.95,3989.98,0,37,0,1,35.6,0.0,63.333015873015874,1.0255314562980267,37
CUST-3384,21,Two Year,Electronic Check,117.19,2478.4,0,10,1,1,189.28,0.0,118.01904761904763,0.9929753066494512,10
CUST-3385,30,Month-to-Month,Bank Transfer,105.03,2860.97,3,31,1,1,93.27,0.1,95.36566666666666,1.101339755397645,93
CUST-3386,13,One Year,Electronic Check,90.64,1194.86,5,26,1,1,62.21,0.38461538461538464,91.91230769230768,0.9861573740856671,130
CUST-3387,34,Month-to-Month,Electronic Check,49.05,1645.13,1,29,1,1,75.96,0.029411764705882353,48.38617647058824,1.0137192805431787,29
CUST-3388,4,Month-to-Month,Electronic Check,36.52,149.73,1,16,1,1,64.44,0.25,37.4325,0.975622787684499,16
CUST-3389,28,Two Year,Bank Transfer,112.14,2928.63,0,35,0,0,1543.85,0.0,104.59392857142858,1.0721463619508098,35
CUST-3390,59,Two Year,Electronic Check,62.31,3768.16,5,18,1,0,758.31,0.0847457627118644,63.867118644067794,0.9756194004500871,90
CUST-3391,27,One Year,Bank Transfer,47.88,1181.82,2,6,0,0,599.88,0.07407407407407407,43.77111111111111,1.093872163273595,12
CUST-3392,69,Month-to-Month,Mailed Check,67.09,4446.7,2,42,0,1,72.32,0.028985507246376812,64.44492753623189,1.041043920210493,84
CUST-3393,25,Two Year,Bank Transfer,111.78,2598.67,1,44,0,0,1290.66,0.04,103.9468,1.0753577791716533,44
CUST-3394,3,Month-to-Month,Mailed Check,58.71,181.66,0,20,1,1,53.5,0.0,60.553333333333335,0.9695585159088407,20
CUST-3395,68,Two Year,Electronic Check,76.26,5215.44,3,27,1,0,855.49,0.04411764705882353,76.69764705882352,0.994293865905849,81
CUST-3396,25,Month-to-Month,Bank Transfer,100.3,2266.29,3,2,1,1,82.36,0.12,90.6516,1.1064338632743382,6
CUST-3397,20,Month-to-Month,Electronic Check,62.71,1130.57,2,13,0,1,39.37,0.1,56.528499999999994,1.1093519198280515,26
CUST-3398,34,One Year,Mailed Check,43.35,1390.9,2,1,0,0,442.89,0.058823529411764705,40.90882352941177,1.0596735926378602,2
CUST-3399,26,Month-to-Month,Electronic Check,119.45,2861.88,4,28,1,1,235.29,0.15384615384615385,110.0723076923077,1.085195745454037,112
CUST-3400,5,Month-to-Month,Bank Transfer,115.66,575.15,2,17,1,1,223.43,0.4,115.03,1.0054768321307486,34
CUST-3401,61,Month-to-Month,Credit Card,104.35,6362.61,2,36,1,1,185.54,0.03278688524590164,104.30508196721311,1.000430640884794,72
CUST-3402,9,Month-to-Month,Mailed Check,88.84,832.58,1,44,0,1,157.28,0.1111111111111111,92.50888888888889,0.960340147493334,44
CUST-3403,50,Month-to-Month,Mailed Check,49.49,2580.42,1,44,0,1,73.82,0.02,51.6084,0.9589524185985226,44
CUST-3404,6,Month-to-Month,Bank Transfer,111.34,667.26,0,23,1,1,193.66,0.0,111.21,1.001168959625933,23
CUST-3405,60,Month-to-Month,Electronic Check,47.56,2570.67,0,11,0,0,509.4,0.0,42.844500000000004,1.110060801269708,11
CUST-3406,44,Month-to-Month,Credit Card,100.08,4200.3,1,44,1,1,108.27,0.022727272727272728,95.46136363636364,1.0483822584101135,44
CUST-3407,11,One Year,Electronic Check,111.83,1201.8,3,31,0,1,163.41,0.2727272727272727,109.25454545454545,1.0235729738725245,93
CUST-3408,66,Month-to-Month,Credit Card,80.3,5166.65,3,17,1,1,145.52,0.045454545454545456,78.28257575757576,1.0257710508743576,51
CUST-3409,47,Two Year,Bank Transfer,100.31,4669.79,4,12,0,0,1137.49,0.0851063829787234,99.35723404255319,1.0095892963066861,48
CUST-3410,3,Two Year,Bank Transfer,99.17,310.63,3,3,1,1,174.39,1.0,103.54333333333334,0.9577632553198339,9
CUST-3411,30,Month-to-Month,Bank Transfer,39.32,1218.27,1,22,0,1,47.61,0.03333333333333333,40.609,0.968258267871654,22
CUST-3412,21,One Year,Mailed Check,86.79,1670.11,2,9,0,1,136.78,0.09523809523809523,79.52904761904762,1.0912993754902374,18
CUST-3413,28,Two Year,Mailed Check,29.35,772.41,3,4,0,0,319.86,0.10714285714285714,27.586071428571426,1.0639427247187376,12
CUST-3414,62,Two Year,Electronic Check,70.79,4498.56,1,39,1,0,829.58,0.016129032258064516,72.55741935483871,0.9756410940389814,39
CUST-3415,33,One Year,Bank Transfer,36.22,1223.52,0,13,1,0,460.81,0.0,37.07636363636364,0.9769027069438995,13
CUST-3416,35,Month-to-Month,Bank Transfer,61.63,2030.44,3,33,0,1,79.1,0.08571428571428572,58.01257142857143,1.0623559425543232,99
CUST-3417,52,One Year,Credit Card,103.3,5423.1,1,27,1,1,151.32,0.019230769230769232,104.29038461538462,0.9905035865095608,27
CUST-3418,34,One Year,Mailed Check,118.72,4039.73,1,7,0,0,1587.06,0.029411764705882353,118.81558823529411,0.9991954907877507,7
CUST-3419,41,One Year,Electronic Check,51.8,2062.27,1,15,0,0,550.93,0.024390243902439025,50.299268292682925,1.0298360544448593,15
CUST-3420,51,Month-to-Month,Electronic Check,73.2,3472.69,0,30,0,1,82.57,0.0,68.09196078431373,1.0750167737402416,30
CUST-3421,47,Two Year,Bank Transfer,71.13,3454.42,1,6,1,0,911.3,0.02127659574468085,73.49829787234043,0.9677775140255093,6
CUST-3422,58,Two Year,Electronic Check,115.44,6706.75,2,2,0,0,1441.85,0.034482758620689655,115.63362068965517,0.9983255675252544,4
CUST-3423,57,Month-to-Month,Electronic Check,67.86,3579.27,4,28,0,1,84.49,0.07017543859649122,62.79421052631579,1.0806728746364482,112
CUST-3424,23,Month-to-Month,Credit Card,89.91,2079.76,1,35,1,1,84.21,0.043478260869565216,90.42434782608697,0.99431184367427,35
CUST-3425,48,Month-to-Month,Mailed Check,112.18,5445.03,2,38,1,1,212.24,0.041666666666666664,113.438125,0.9889091520156914,76
CUST-3426,22,Two Year,Mailed Check,57.34,1303.15,1,3,0,0,609.42,0.045454545454545456,59.23409090909092,0.9680236350381767,3
CUST-3427,17,One Year,Electronic Check,110.21,1748.84,1,8,1,1,131.04,0.058823529411764705,102.87294117647059,1.071321561720912,8
CUST-3428,69,One Year,Bank Transfer,111.75,8083.28,1,16,1,0,1187.18,0.014492753623188406,117.14898550724638,0.9539135103571817,16
CUST-3429,11,Month-to-Month,Electronic Check,113.07,1148.01,0,19,0,1,209.36,0.0,104.36454545454545,1.0834139075443594,19
CUST-3430,15,One Year,Bank Transfer,47.04,698.62,3,13,1,1,73.01,0.2,46.574666666666666,1.0099911253614269,39
CUST-3431,35,Month-to-Month,Electronic Check,60.04,2098.41,5,28,0,1,83.1,0.14285714285714285,59.95457142857143,1.0014248883678596,140
CUST-3432,33,Month-to-Month,Credit Card,107.04,3401.07,3,12,1,1,98.59,0.09090909090909091,103.06272727272727,1.0385907964258307,36
CUST-3433,16,One Year,Mailed Check,55.92,869.0,0,35,0,1,58.74,0.0,54.3125,1.029597238204833,35
CUST-3434,34,Two Year,Mailed Check,80.03,2812.55,0,44,1,0,963.62,0.0,82.72205882352942,0.9674565785497146,44
CUST-3435,66,Two Year,Bank Transfer,31.81,2092.72,1,16,0,0,433.65,0.015151515151515152,31.707878787878784,1.0032206888642534,16
CUST-3436,40,Two Year,Bank Transfer,25.63,999.11,1,42,1,0,310.84,0.025,24.97775,1.0261132407842979,42
CUST-3437,28,Month-to-Month,Electronic Check,61.2,1575.23,1,3,0,0,843.47,0.03571428571428571,56.25821428571429,1.0878411406588244,3
CUST-3438,47,Month-to-Month,Bank Transfer,77.89,3298.78,1,19,0,1,80.72,0.02127659574468085,70.1868085106383,1.1097526964514153,19
CUST-3439,39,One Year,Electronic Check,59.27,2123.71,3,10,0,1,70.92,0.07692307692307693,54.45410256410256,1.0884395703744862,30
CUST-3440,70,Two Year,Credit Card,77.77,5680.32,1,41,1,0,932.46,0.014285714285714285,81.14742857142856,0.9583791054025126,41
CUST-3441,20,Month-to-Month,Credit Card,71.51,1451.1,1,21,0,1,121.77,0.05,72.55499999999999,0.9855971332092897,21
CUST-3442,1,Month-to-Month,Electronic Check,88.57,92.56,2,44,0,1,72.34,2.0,92.56,0.9568928262748486,88
CUST-3443,63,Month-to-Month,Credit Card,84.95,4845.33,2,7,0,1,93.29,0.031746031746031744,76.91,1.1045377714211417,14
CUST-3444,67,One Year,Electronic Check,62.42,4190.64,2,27,1,0,722.81,0.029850746268656716,62.5468656716418,0.9979716701983468,54
CUST-3445,4,Month-to-Month,Electronic Check,62.5,226.66,2,44,0,1,38.35,0.5,56.665,1.1029736168710844,88
CUST-3446,58,Month-to-Month,Credit Card,34.08,2010.85,1,40,1,1,47.95,0.017241379310344827,34.66982758620689,0.9829872939304275,40
CUST-3447,25,Month-to-Month,Bank Transfer,71.32,1706.59,1,29,0,1,55.89,0.04,68.2636,1.0447734956843764,29
CUST-3448,47,Month-to-Month,Mailed Check,78.72,3383.0,3,32,0,1,46.42,0.06382978723404255,71.97872340425532,1.0936565178835354,96
CUST-3449,38,Two Year,Electronic Check,67.65,2532.67,4,32,0,1,124.86,0.10526315789473684,66.6492105263158,1.0150157738671046,128
CUST-3450,15,Month-to-Month,Electronic Check,52.57,742.83,3,35,1,1,68.42,0.2,49.522000000000006,1.0615484027300996,105
CUST-3451,63,One Year,Credit Card,92.16,5799.9,1,26,0,1,64.69,0.015873015873015872,92.06190476190476,1.001065535612683,26
CUST-3452,21,One Year,Electronic Check,27.47,576.14,3,19,0,1,15.94,0.14285714285714285,27.435238095238095,1.0012670531468046,57
CUST-3453,57,Two Year,Electronic Check,111.44,6388.61,3,32,0,0,1302.87,0.05263157894736842,112.08087719298246,0.9942820112669266,96
CUST-3454,53,Month-to-Month,Mailed Check,22.06,1226.32,2,24,0,1,26.63,0.03773584905660377,23.138113207547168,0.9534053101963599,48
CUST-3455,46,Two Year,Mailed Check,116.24,5122.49,0,43,0,0,1471.6,0.0,111.35847826086956,1.0438361031451502,43
CUST-3456,14,One Year,Mailed Check,66.24,899.35,4,42,1,1,96.84,0.2857142857142857,64.23928571428571,1.0311447156279534,168
CUST-3457,17,Two Year,Electronic Check,61.27,1063.14,3,18,0,1,43.91,0.17647058823529413,62.53764705882354,0.9797298568391745,54
CUST-3458,39,Two Year,Electronic Check,45.64,1756.39,4,20,0,0,509.41,0.10256410256410256,45.03564102564103,1.0134195708242475,80
CUST-3459,9,Month-to-Month,Electronic Check,21.01,171.24,4,41,0,1,23.26,0.4444444444444444,19.026666666666667,1.104239663629993,164
CUST-3460,6,Month-to-Month,Credit Card,47.48,292.42,4,32,0,1,56.84,0.6666666666666666,48.73666666666667,0.9742151699610148,128
CUST-3461,23,Month-to-Month,Electronic Check,30.94,645.96,3,2,1,1,52.66,0.13043478260869565,28.08521739130435,1.101647160814911,6
CUST-3462,59,Month-to-Month,Bank Transfer,85.98,4695.52,2,13,0,1,85.87,0.03389830508474576,79.58508474576271,1.080353187719358,26
CUST-3463,46,Month-to-Month,Bank Transfer,51.91,2185.64,0,14,1,1,37.4,0.0,47.51391304347826,1.0925220987902855,14
CUST-3464,38,Month-to-Month,Credit Card,96.72,3350.79,1,32,0,1,175.08,0.02631578947368421,88.17868421052631,1.0968637246738828,32
CUST-3465,14,Month-to-Month,Credit Card,40.69,514.89,1,41,1,1,33.29,0.07142857142857142,36.777857142857144,1.1063722348462777,41
CUST-3466,62,Month-to-Month,Electronic Check,110.02,6195.42,0,21,0,1,103.53,0.0,99.92612903225806,1.1010133292012487,21
CUST-3467,35,Month-to-Month,Electronic Check,72.3,2445.39,2,0,0,1,112.78,0.05714285714285714,69.8682857142857,1.0348042643504718,0
CUST-3468,19,Month-to-Month,Mailed Check,31.45,560.46,1,30,1,1,47.97,0.05263157894736842,29.497894736842106,1.066177782535774,30
CUST-3469,30,Month-to-Month,Electronic Check,60.08,1656.37,1,34,1,1,102.17,0.03333333333333333,55.212333333333326,1.08816266896889,34
CUST-3470,25,Month-to-Month,Bank Transfer,40.68,1015.79,2,19,0,1,31.56,0.08,40.6316,1.0011911910926472,38
CUST-3471,40,Month-to-Month,Bank Transfer,39.97,1493.15,2,31,0,1,41.11,0.05,37.32875,1.0707564544754378,62
CUST-3472,14,Month-to-Month,Credit Card,70.64,892.87,3,11,0,1,48.66,0.21428571428571427,63.776428571428575,1.107619250282796,33
CUST-3473,26,Two Year,Electronic Check,87.19,2182.53,2,15,1,0,1199.52,0.07692307692307693,83.94346153846155,1.0386752988504167,30
CUST-3474,22,Month-to-Month,Credit Card,111.16,2314.84,3,7,0,1,104.36,0.13636363636363635,105.22000000000001,1.0564531457897737,21
CUST-3475,48,Month-to-Month,Electronic Check,70.22,3194.59,1,13,1,1,107.68,0.020833333333333332,66.55395833333334,1.0550837509664777,13
CUST-3476,51,Month-to-Month,Mailed Check,116.58,5748.13,2,17,0,1,58.35,0.0392156862745098,112.70843137254901,1.0343503017503084,34
CUST-3477,3,Two Year,Mailed Check,114.16,342.6,3,29,0,1,67.3,1.0,114.2,0.9996497373029771,87
CUST-3478,42,Two Year,Bank Transfer,106.51,4439.74,3,32,0,1,122.36,0.07142857142857142,105.70809523809524,1.0075860298125565,96
CUST-3479,19,Two Year,Mailed Check,70.0,1383.98,1,33,0,0,939.54,0.05263157894736842,72.84105263157895,0.9609965461928641,33
CUST-3480,28,One Year,Credit Card,34.09,933.19,1,43,0,0,350.05,0.03571428571428571,33.32821428571429,1.0228570816232494,43
CUST-3481,45,Month-to-Month,Credit Card,41.79,1825.8,3,33,0,1,83.2,0.06666666666666667,40.57333333333333,1.0299868550772264,99
CUST-3482,71,Month-to-Month,Credit Card,84.77,5609.47,0,6,1,1,95.39,0.0,79.00661971830986,1.0729480681775638,6
CUST-3483,63,Month-to-Month,Electronic Check,62.18,3969.47,0,5,0,1,35.43,0.0,63.007460317460314,0.9868672643954987,5
CUST-3484,19,Two Year,Credit Card,34.68,606.94,2,5,1,0,406.19,0.10526315789473684,31.944210526315793,1.0856427323952944,10
CUST-3485,47,One Year,Bank Transfer,67.9,3107.27,3,21,0,1,102.78,0.06382978723404255,66.11212765957447,1.0270430313426255,63
CUST-3486,14,One Year,Electronic Check,21.74,293.16,2,7,1,0,229.07,0.14285714285714285,20.94,1.038204393505253,14
CUST-3487,38,Month-to-Month,Electronic Check,93.39,3544.37,0,36,1,1,88.72,0.0,93.2728947368421,1.0012555122631102,36
CUST-3488,53,Two Year,Electronic Check,27.36,1504.67,2,14,1,0,308.44,0.03773584905660377,28.39,0.9637196195843607,28
CUST-3489,61,Month-to-Month,Electronic Check,82.91,5269.87,4,25,1,1,100.52,0.06557377049180328,86.39131147540984,0.9597029907758635,100
CUST-3490,36,Month-to-Month,Mailed Check,99.3,3307.3,2,38,0,1,80.77,0.05555555555555555,91.86944444444445,1.0808816859674053,76
CUST-3491,40,Month-to-Month,Credit Card,33.26,1249.61,3,2,1,1,21.18,0.075,31.240249999999996,1.064652171477501,6
CUST-3492,30,One Year,Mailed Check,71.86,2202.68,1,9,1,0,807.7,0.03333333333333333,73.42266666666666,0.9787168358545046,9
CUST-3493,9,Month-to-Month,Mailed Check,97.91,861.58,0,2,0,1,100.54,0.0,95.73111111111112,1.0227605097611363,2
CUST-3494,64,Two Year,Credit Card,46.06,2853.38,2,29,0,0,540.84,0.03125,44.5840625,1.0331045987565624,58
CUST-3495,33,Month-to-Month,Electronic Check,36.29,1205.47,0,21,0,1,58.92,0.0,36.52939393939394,0.993446539524003,21
CUST-3496,52,One Year,Credit Card,53.68,2764.25,2,2,0,0,738.05,0.038461538461538464,53.15865384615385,1.0098073618522203,4
CUST-3497,14,Month-to-Month,Mailed Check,75.47,1104.77,2,0,0,1,127.29,0.14285714285714285,78.91214285714285,0.9563800610081736,0
CUST-3498,53,Month-to-Month,Mailed Check,77.53,4058.12,1,32,0,1,41.82,0.018867924528301886,76.56830188679245,1.01256000315417,32
CUST-3499,59,Two Year,Electronic Check,33.09,1893.54,1,18,0,0,405.33,0.01694915254237288,32.09389830508474,1.0310371051047247,18
